product_id,description,category,sub_category,brand_tier,pack_format,units_per_billing_uom,lifecycle,supplier,inbound_lane,commodity_index,elasticity,target_margin,standard_sellable_rate,base_input_cost_unit,handling_cost_unit,labelling_cost_unit,damage_rate,adj_unit,base_volume_units,reference_list_price,reference_unit_cost
20000,"Wireless Earbuds - Private label, Inner pack 6",Consumer Electronics,Wireless Earbuds,Private label,Inner pack 6,6.0,Mature,Ningbo Hometech Manufacturing,Import Ocean FCL,Semiconductor & Components,-2.1184,0.3097,0.9729,36.8247,0.4043,0.0,0.0407,0.1992,1226.1,63.5084,37.5436
20001,"Multivitamin - Private label, Case 12",Health & Beauty,Multivitamin,Private label,Case 12,12.0,Mature,Ashworth Tools & Hardware,Import Air Freight,Chemicals & Actives,-1.2378,0.3505,0.9135,6.8146,0.4642,0.09,0.007,-0.1242,1604.7,18.3159,10.4360
20002,"Safety Boots - Value, Case 24",Apparel & Accessories,Safety Boots,Value,Case 24,24.0,Mature,Vertex Consumer Products (US),Domestic LTL,Cotton & Textiles,-2.3131,0.1813,0.8354,28.1319,0.4213,0.0,0.087,-0.1647,3859.8,51.9042,35.0269
20003,"Storage Bins - National brand, Master carton 48",Home & Kitchen,Storage Bins,National brand,Master carton 48,48.0,Mature,Ningbo Hometech Manufacturing,Domestic LTL,Resin & Plastics,-1.6071,0.1726,0.925,18.8087,0.3314,0.0,0.01,-0.1626,5051.0,31.4049,21.9015
20004,"Camping Tent - Premium brand, Each",Sporting Goods,Camping Tent,Premium brand,Each,1.0,Mature,Guangzhou Vantage Industrial,Domestic FTL,Aluminium & Composites,-1.4026,0.2384,0.9243,13.961,0.2512,0.0,0.0627,-0.2888,4596.6,28.4459,18.5440
20005,"Backpack - Private label, Master carton 48",Apparel & Accessories,Backpack,Private label,Master carton 48,48.0,Mature,Silverline Personal Care,Import Ocean FCL,Cotton & Textiles,-1.7237,0.3315,0.9006,16.7473,0.4307,0.0,0.0709,-0.0317,446.1,37.5068,18.2025
20006,"Electric Toothbrush - Premium brand, Master carton 48",Health & Beauty,Electric Toothbrush,Premium brand,Master carton 48,48.0,Growth,Guangzhou Vantage Industrial,Import Ocean FCL,Chemicals & Actives,-0.9488,0.2594,0.9012,17.941,0.4368,0.0,0.0786,-0.129,2692.7,39.5369,19.7725
20007,"Pet Bed - Value, Inner pack 6",Pet Supplies,Pet Bed,Value,Inner pack 6,6.0,Growth,Silverline Personal Care,Domestic LTL,Agricultural Inputs,-1.1867,0.1525,0.9652,12.4127,0.6411,0.09,0.0878,0.2776,413.7,21.5397,15.2899
20008,"Electric Toothbrush - Value, Case 24",Health & Beauty,Electric Toothbrush,Value,Case 24,24.0,Mature,Ningbo Hometech Manufacturing,Import Air Freight,Chemicals & Actives,-1.4568,0.1707,0.9244,8.4265,0.4275,0.0,0.0613,0.155,1864.3,19.2149,12.4924
20009,"Toner Cartridge - Private label, Case 12",Office & Stationery,Toner Cartridge,Private label,Case 12,12.0,Growth,Silverline Personal Care,Import Ocean LCL,Paper & Pulp,-1.8612,0.3436,0.9788,12.1506,0.5252,0.0,0.0539,0.0233,1535.1,27.3662,14.0116
20010,"Adjustable Dumbbells - National brand, Inner pack 6",Sporting Goods,Adjustable Dumbbells,National brand,Inner pack 6,6.0,Mature,Ashworth Tools & Hardware,Domestic LTL,Aluminium & Composites,-1.8587,0.1948,0.927,26.4552,0.4617,0.09,0.036,-0.0205,1266.6,47.3460,33.3569
20011,"Cordless Drill - Value, Case 24",Tools & Hardware,Cordless Drill,Value,Case 24,24.0,Decline,Cascadia Pet Products,Domestic FTL,Steel & Fabricated Metal,-1.7666,0.154,0.9638,16.7484,0.06,0.09,0.0306,-0.0023,406.0,21.2674,16.4214
20012,"Vacuum Sealer - Private label, Case 12",Home & Kitchen,Vacuum Sealer,Private label,Case 12,12.0,Mature,Harlow Textile Group,Cross-dock Consolidator,Resin & Plastics,-1.5663,0.3328,0.9589,8.1691,0.2405,0.0,0.0274,-0.0266,1099.4,15.9776,7.2216
20013,"Webcam - National brand, Master carton 48",Consumer Electronics,Webcam,National brand,Master carton 48,48.0,Mature,Vertex Consumer Products (US),Import Ocean FCL,Semiconductor & Components,-2.4894,0.1834,0.8602,47.7245,0.5835,0.0,0.0702,-0.2614,7409.5,79.0945,48.4901
20014,"Grooming Kit - Premium brand, Each",Pet Supplies,Grooming Kit,Premium brand,Each,1.0,Mature,Silverline Personal Care,Cross-dock Consolidator,Agricultural Inputs,-0.7835,0.282,0.9696,15.6686,0.6181,0.0,0.0998,0.1014,3619.9,39.5247,17.4506
20015,"Body Wash - Value, Bulk pallet 144",Health & Beauty,Body Wash,Value,Bulk pallet 144,144.0,Growth,Silverline Personal Care,Import Air Freight,Chemicals & Actives,-1.4505,0.1614,0.8777,5.206,0.4599,0.0,0.1037,0.1271,1138.9,12.8108,8.4459
20016,"Gel Pens - National brand, Case 12",Office & Stationery,Gel Pens,National brand,Case 12,12.0,Mature,Northbrook Paper & Board,Import Air Freight,Paper & Pulp,-1.9746,0.1822,0.995,7.98,0.161,0.09,0.0585,-0.0581,913.2,18.1313,11.6489
20017,"Webcam - National brand, Case 24",Consumer Electronics,Webcam,National brand,Case 24,24.0,Mature,Shenzhen Kaiyuan Electronics,Domestic LTL,Semiconductor & Components,-2.2731,0.1922,0.8191,17.6133,0.4185,0.0,0.0546,0.2147,969.5,28.1967,17.1044
20018,"Mechanical Keyboard - Premium brand, Inner pack 6",Consumer Electronics,Mechanical Keyboard,Premium brand,Inner pack 6,6.0,Mature,Meridian Private Label,Import Ocean FCL,Semiconductor & Components,-2.0378,0.2263,0.871,42.3956,0.5089,0.09,0.0582,0.0105,482.9,92.6264,44.2945
20019,"Gel Pens - Private label, Master carton 48",Office & Stationery,Gel Pens,Private label,Master carton 48,48.0,Mature,Harlow Textile Group,Cross-dock Consolidator,Paper & Pulp,-1.663,0.3287,0.9618,4.3318,0.2704,0.09,0.0573,-0.1496,1399.8,8.5951,4.9393
20020,"Cutlery Block - Private label, Inner pack 6",Home & Kitchen,Cutlery Block,Private label,Inner pack 6,6.0,Mature,Guangzhou Vantage Industrial,Domestic FTL,Resin & Plastics,-1.3942,0.3375,0.974,31.4667,0.2086,0.0,0.0705,0.0741,4727.0,56.5018,31.1072
20021,"Bedding Set - National brand, Bulk pallet 144",Home & Kitchen,Bedding Set,National brand,Bulk pallet 144,144.0,Mature,Ashworth Tools & Hardware,Domestic LTL,Resin & Plastics,-1.899,0.1801,0.995,27.7862,0.4765,0.09,0.0336,-0.1032,790.6,43.3607,30.2906
20022,"Tool Chest - Value, Bulk pallet 144",Tools & Hardware,Tool Chest,Value,Bulk pallet 144,144.0,Mature,Silverline Personal Care,Import Ocean LCL,Steel & Fabricated Metal,-1.7455,0.1755,0.9738,33.3483,0.4175,0.0,0.0252,0.0513,2057.0,45.8218,33.3059
20023,"Adjustable Dumbbells - National brand, Bulk pallet 144",Sporting Goods,Adjustable Dumbbells,National brand,Bulk pallet 144,144.0,Mature,Harlow Textile Group,Domestic LTL,Aluminium & Composites,-1.9568,0.1996,0.9336,16.028,0.1147,0.0,0.0462,-0.115,992.6,28.4875,19.9503
20024,"Vacuum Sealer - Value, Case 12",Home & Kitchen,Vacuum Sealer,Value,Case 12,12.0,Mature,Harlow Textile Group,Import Ocean FCL,Resin & Plastics,-1.847,0.1756,0.9032,27.8615,0.2554,0.09,0.0,-0.0503,3584.6,46.7787,30.6629
20025,"Multivitamin - National brand, Bulk pallet 144",Health & Beauty,Multivitamin,National brand,Bulk pallet 144,144.0,Mature,Northbrook Paper & Board,Domestic LTL,Chemicals & Actives,-1.2597,0.1704,0.9484,18.7336,0.2477,0.0,0.0511,-0.1433,758.8,27.1820,20.3238
20026,"Copy Paper - National brand, Inner pack 6",Office & Stationery,Copy Paper,National brand,Inner pack 6,6.0,Mature,Ashworth Tools & Hardware,Import Ocean FCL,Paper & Pulp,-2.2821,0.2016,0.995,4.8179,0.5793,0.0,0.0853,0.1119,1603.8,11.2090,7.6474
20027,"Safety Boots - Premium brand, Each",Apparel & Accessories,Safety Boots,Premium brand,Each,1.0,Mature,Shenzhen Kaiyuan Electronics,Import Air Freight,Cotton & Textiles,-1.8165,0.2545,0.8407,34.8701,0.5117,0.09,0.0288,-0.124,3420.8,87.2131,51.0109
20028,"Cycling Helmet - Premium brand, Inner pack 6",Sporting Goods,Cycling Helmet,Premium brand,Inner pack 6,6.0,Mature,Ashworth Tools & Hardware,Domestic FTL,Aluminium & Composites,-1.1901,0.2641,0.966,27.0872,0.3414,0.0,0.0778,-0.0947,1308.4,58.8591,31.4046
20029,"27in Monitor - Private label, Inner pack 6",Consumer Electronics,27in Monitor,Private label,Inner pack 6,6.0,Launch,Vertex Consumer Products (US),Domestic LTL,Semiconductor & Components,-2.0135,0.343,0.9181,46.8664,0.7239,0.09,0.0,0.1553,1446.9,92.0726,41.6382
20030,"Cutlery Block - National brand, Master carton 48",Home & Kitchen,Cutlery Block,National brand,Master carton 48,48.0,Mature,Ashworth Tools & Hardware,Import Air Freight,Resin & Plastics,-2.1233,0.1871,0.9137,16.0586,0.4041,0.09,0.0089,-0.195,2194.8,33.6356,19.4726
20031,"Laptop Sleeve - Premium brand, Master carton 48",Apparel & Accessories,Laptop Sleeve,Premium brand,Master carton 48,48.0,Growth,Cascadia Pet Products,Cross-dock Consolidator,Cotton & Textiles,-1.7892,0.2466,0.857,17.4617,0.3635,0.09,0.0035,-0.0769,1991.8,41.8123,20.8517
20032,"Safety Glasses - National brand, Master carton 48",Tools & Hardware,Safety Glasses,National brand,Master carton 48,48.0,Decline,Harlow Textile Group,Cross-dock Consolidator,Steel & Fabricated Metal,-1.6667,0.1982,0.9826,12.8669,0.3314,0.0,0.1028,0.0984,158.4,21.7178,12.9657
20033,"Wireless Earbuds - National brand, Inner pack 6",Consumer Electronics,Wireless Earbuds,National brand,Inner pack 6,6.0,Mature,Ashworth Tools & Hardware,Import Ocean LCL,Semiconductor & Components,-2.5391,0.1902,0.886,19.5365,0.3924,0.09,0.0825,-0.2344,4060.5,30.3893,21.6019
20034,"Work Jacket - Private label, Bulk pallet 144",Apparel & Accessories,Work Jacket,Private label,Bulk pallet 144,144.0,Mature,Ningbo Hometech Manufacturing,Domestic FTL,Cotton & Textiles,-1.4761,0.3377,0.8002,7.886,0.6417,0.0,0.1145,-0.0915,2149.9,20.2481,11.3022
20035,"Cycling Helmet - Private label, Bulk pallet 144",Sporting Goods,Cycling Helmet,Private label,Bulk pallet 144,144.0,Mature,Ningbo Hometech Manufacturing,Import Air Freight,Aluminium & Composites,-1.1636,0.3216,0.8768,16.4807,0.6032,0.0,0.0475,0.0887,326.0,42.2793,23.1372
20036,"Wireless Earbuds - Private label, Case 12",Consumer Electronics,Wireless Earbuds,Private label,Case 12,12.0,Mature,Ningbo Hometech Manufacturing,Import Ocean FCL,Semiconductor & Components,-2.1097,0.3203,0.9134,47.0748,0.6449,0.0,0.0556,0.0688,3319.1,80.6612,52.3432
20037,"Webcam - Value, Each",Consumer Electronics,Webcam,Value,Each,1.0,Decline,Cascadia Pet Products,Import Ocean LCL,Semiconductor & Components,-2.5957,0.1565,0.9404,35.3359,0.424,0.0,0.1007,0.2213,759.1,50.6387,31.5866
20038,"Sunscreen SPF50 - National brand, Case 12",Health & Beauty,Sunscreen SPF50,National brand,Case 12,12.0,Mature,Silverline Personal Care,Import Ocean FCL,Chemicals & Actives,-1.5251,0.1698,0.9039,17.1641,0.4053,0.09,0.0996,-0.1211,2843.2,30.3383,20.0860
20039,"Pet Bed - National brand, Each",Pet Supplies,Pet Bed,National brand,Each,1.0,Mature,Ashworth Tools & Hardware,Import Ocean FCL,Agricultural Inputs,-0.9235,0.1715,0.9747,15.2195,0.3788,0.09,0.0494,0.0083,271.9,27.4359,19.6535
20040,"Adjustable Dumbbells - Value, Case 12",Sporting Goods,Adjustable Dumbbells,Value,Case 12,12.0,Launch,Shenzhen Kaiyuan Electronics,Cross-dock Consolidator,Aluminium & Composites,-1.5215,0.1539,0.9412,29.0568,0.2698,0.09,0.0654,0.0601,432.6,57.0899,43.3008
20041,"Bedding Set - National brand, Each",Home & Kitchen,Bedding Set,National brand,Each,1.0,Launch,Ashworth Tools & Hardware,Import Air Freight,Resin & Plastics,-1.8077,0.1979,0.9424,12.0453,0.4279,0.09,0.0917,0.1638,2215.8,24.0239,15.0712
20042,"Sunscreen SPF50 - Private label, Case 12",Health & Beauty,Sunscreen SPF50,Private label,Case 12,12.0,Decline,Meridian Private Label,Import Ocean FCL,Chemicals & Actives,-1.1051,0.3371,0.9501,7.3854,0.4291,0.09,0.04,-0.2113,548.2,14.9032,8.2526
20043,"Work Gloves - Value, Case 24",Tools & Hardware,Work Gloves,Value,Case 24,24.0,Mature,Harlow Textile Group,Import Ocean LCL,Steel & Fabricated Metal,-1.3514,0.1604,0.8754,12.6195,0.06,0.0,0.0225,0.0078,692.0,22.6486,12.2995
20044,"Safety Boots - Value, Inner pack 6",Apparel & Accessories,Safety Boots,Value,Inner pack 6,6.0,Mature,Ashworth Tools & Hardware,Import Ocean FCL,Cotton & Textiles,-1.9779,0.1559,0.8684,9.8564,0.2271,0.0,0.0666,0.0185,1799.7,17.6406,13.8585
20045,"Winter Gloves - Value, Inner pack 6",Apparel & Accessories,Winter Gloves,Value,Inner pack 6,6.0,Mature,Guangzhou Vantage Industrial,Import Air Freight,Cotton & Textiles,-1.7696,0.1591,0.8052,14.4818,0.6163,0.09,0.0718,0.0425,2867.8,38.4981,24.4556
20046,"Cycling Helmet - Private label, Each",Sporting Goods,Cycling Helmet,Private label,Each,1.0,Mature,Guangzhou Vantage Industrial,Import Ocean FCL,Aluminium & Composites,-1.5633,0.3307,0.9228,32.7273,0.5816,0.0,0.0455,0.0903,1921.2,64.8437,43.9403
20047,"HDMI Cable - Private label, Each",Consumer Electronics,HDMI Cable,Private label,Each,1.0,Launch,Ningbo Hometech Manufacturing,Import Ocean LCL,Semiconductor & Components,-2.2137,0.3345,0.9181,18.0326,0.37,0.0,0.0505,-0.1556,1871.7,33.1030,18.6855
20048,"HDMI Cable - National brand, Master carton 48",Consumer Electronics,HDMI Cable,National brand,Master carton 48,48.0,Decline,Ashworth Tools & Hardware,Cross-dock Consolidator,Semiconductor & Components,-2.4652,0.1688,0.8643,78.3358,0.6664,0.09,0.0211,-0.2328,2628.4,114.1414,83.0418
20049,"Adjustable Dumbbells - Value, Master carton 48",Sporting Goods,Adjustable Dumbbells,Value,Master carton 48,48.0,Mature,Ashworth Tools & Hardware,Domestic LTL,Aluminium & Composites,-1.8285,0.1777,0.8996,19.0648,0.132,0.0,0.0581,0.0108,676.3,45.4116,30.5566
20050,"HDMI Cable - Premium brand, Case 12",Consumer Electronics,HDMI Cable,Premium brand,Case 12,12.0,Mature,Shenzhen Kaiyuan Electronics,Import Air Freight,Semiconductor & Components,-1.7498,0.2423,0.915,25.7495,0.4658,0.09,0.105,0.0822,848.0,65.0633,21.6046
20051,"Grooming Kit - National brand, Case 12",Pet Supplies,Grooming Kit,National brand,Case 12,12.0,Growth,Shenzhen Kaiyuan Electronics,Domestic LTL,Agricultural Inputs,-1.1005,0.1985,0.995,11.2855,0.4485,0.0,0.0,0.0072,2887.6,19.1189,13.6905
20052,"Fastener Assortment - Value, Case 24",Tools & Hardware,Fastener Assortment,Value,Case 24,24.0,Growth,Guangzhou Vantage Industrial,Domestic LTL,Steel & Fabricated Metal,-1.6876,0.1659,0.995,23.8523,0.643,0.0,0.0556,0.1142,12270.8,32.9645,20.4353
20053,"Power Bank - Value, Bulk pallet 144",Consumer Electronics,Power Bank,Value,Bulk pallet 144,144.0,Mature,Harlow Textile Group,Import Ocean FCL,Semiconductor & Components,-1.9952,0.1703,0.8926,60.118,0.5408,0.09,0.0835,-0.4289,4015.7,100.9707,54.9513
20054,"Work Gloves - National brand, Bulk pallet 144",Tools & Hardware,Work Gloves,National brand,Bulk pallet 144,144.0,Decline,Harlow Textile Group,Domestic LTL,Steel & Fabricated Metal,-1.4032,0.1761,0.9457,38.5812,0.1435,0.0,0.0783,-0.3267,1415.2,68.8623,41.1566
20055,"Filing Boxes - Private label, Each",Office & Stationery,Filing Boxes,Private label,Each,1.0,Launch,Silverline Personal Care,Cross-dock Consolidator,Paper & Pulp,-2.1199,0.3179,0.9147,4.7431,0.5904,0.0,0.0641,-0.0387,79.0,15.5122,7.4366
20056,"Vacuum Sealer - National brand, Case 12",Home & Kitchen,Vacuum Sealer,National brand,Case 12,12.0,Decline,Cascadia Pet Products,Import Air Freight,Resin & Plastics,-2.1958,0.1616,0.9643,14.6945,0.3684,0.0,0.0587,-0.0771,436.8,28.9189,20.8162
20057,"Mechanical Keyboard - National brand, Case 12",Consumer Electronics,Mechanical Keyboard,National brand,Case 12,12.0,Mature,Shenzhen Kaiyuan Electronics,Domestic LTL,Semiconductor & Components,-2.4266,0.1647,0.8659,80.5319,0.5621,0.0,0.0,-0.0121,2089.2,118.0942,85.2961
20058,"Cotton T-Shirt 5pk - Value, Case 12",Apparel & Accessories,Cotton T-Shirt 5pk,Value,Case 12,12.0,Decline,Meridian Private Label,Domestic LTL,Cotton & Textiles,-2.2636,0.19,0.8985,13.1461,0.4763,0.0,0.0591,-0.0957,3577.8,24.2361,20.5204
20059,"Desk Organiser - National brand, Inner pack 6",Office & Stationery,Desk Organiser,National brand,Inner pack 6,6.0,Mature,Ningbo Hometech Manufacturing,Import Ocean FCL,Paper & Pulp,-2.1158,0.1866,0.9278,6.263,0.6069,0.0,0.0681,-0.0062,1189.4,14.2216,8.4585
20060,"USB-C Charger - Private label, Case 12",Consumer Electronics,USB-C Charger,Private label,Case 12,12.0,Mature,Guangzhou Vantage Industrial,Import Ocean LCL,Semiconductor & Components,-2.2218,0.3416,0.8832,20.4598,0.426,0.09,0.0627,-0.0045,1484.3,32.4578,22.4562
20061,"Safety Glasses - Premium brand, Each",Tools & Hardware,Safety Glasses,Premium brand,Each,1.0,Growth,Meridian Private Label,Import Air Freight,Steel & Fabricated Metal,-1.1521,0.2433,0.9091,31.4364,0.4905,0.09,0.0718,0.1208,264.7,66.7052,31.7667
20062,"Fastener Assortment - National brand, Bulk pallet 144",Tools & Hardware,Fastener Assortment,National brand,Bulk pallet 144,144.0,Launch,Meridian Private Label,Import Ocean LCL,Steel & Fabricated Metal,-1.4105,0.1709,0.9373,35.0846,0.5738,0.0,0.079,-0.1171,545.2,52.6985,34.5696
20063,"Smart Plug - Value, Inner pack 6",Consumer Electronics,Smart Plug,Value,Inner pack 6,6.0,Growth,Vertex Consumer Products (US),Import Ocean LCL,Semiconductor & Components,-2.6027,0.1558,0.9116,19.4353,0.5941,0.0,0.0766,0.0465,532.1,33.4464,23.7646
20064,"Hair Dryer - Value, Case 24",Health & Beauty,Hair Dryer,Value,Case 24,24.0,Mature,Vertex Consumer Products (US),Import Air Freight,Chemicals & Actives,-1.079,0.1752,0.9621,9.766,0.4506,0.09,0.0616,0.1165,2899.6,19.1700,13.5692
20065,"LED Floor Lamp - National brand, Case 24",Home & Kitchen,LED Floor Lamp,National brand,Case 24,24.0,Mature,Harlow Textile Group,Import Air Freight,Resin & Plastics,-2.1478,0.1915,0.9302,13.5343,0.3993,0.0,0.0235,-0.244,1256.6,23.1160,16.4572
20066,"Laminator - Private label, Master carton 48",Office & Stationery,Laminator,Private label,Master carton 48,48.0,Mature,Northbrook Paper & Board,Import Air Freight,Paper & Pulp,-1.6275,0.3685,0.9615,3.2122,0.4719,0.0,0.0292,0.134,4619.3,12.1380,6.1367
20067,"Safety Glasses - Value, Case 12",Tools & Hardware,Safety Glasses,Value,Case 12,12.0,Decline,Ningbo Hometech Manufacturing,Domestic LTL,Steel & Fabricated Metal,-1.4912,0.1728,0.995,13.8491,0.6285,0.0,0.0051,-0.1281,2927.2,24.1594,12.5708
20068,"Backpack - Premium brand, Master carton 48",Apparel & Accessories,Backpack,Premium brand,Master carton 48,48.0,Mature,Harlow Textile Group,Import Air Freight,Cotton & Textiles,-1.6594,0.272,0.8583,15.2747,0.4471,0.09,0.0845,0.0164,1249.7,40.7052,20.2178
20069,"Cordless Drill - National brand, Inner pack 6",Tools & Hardware,Cordless Drill,National brand,Inner pack 6,6.0,Growth,Shenzhen Kaiyuan Electronics,Import Ocean FCL,Steel & Fabricated Metal,-1.3785,0.1926,0.9784,13.3255,0.6301,0.0,0.0608,-0.0028,177.1,19.5909,11.9662
20070,"Power Bank - Value, Case 12",Consumer Electronics,Power Bank,Value,Case 12,12.0,Mature,Guangzhou Vantage Industrial,Import Ocean LCL,Semiconductor & Components,-2.1102,0.1818,0.9154,47.4099,0.1754,0.09,0.0322,-0.0444,1526.7,61.3035,43.7901
20071,"Copy Paper - Private label, Case 24",Office & Stationery,Copy Paper,Private label,Case 24,24.0,Growth,Guangzhou Vantage Industrial,Domestic FTL,Paper & Pulp,-2.0883,0.3445,0.995,7.1049,0.6148,0.09,0.0434,0.2273,2079.9,17.9463,9.9398
20072,"Dry-Erase Board - National brand, Case 12",Office & Stationery,Dry-Erase Board,National brand,Case 12,12.0,Mature,Vertex Consumer Products (US),Cross-dock Consolidator,Paper & Pulp,-2.1326,0.2016,0.9112,10.5246,0.5255,0.0,0.0197,-0.0277,3936.9,19.4974,12.9634
20073,"HDMI Cable - National brand, Each",Consumer Electronics,HDMI Cable,National brand,Each,1.0,Launch,Ningbo Hometech Manufacturing,Cross-dock Consolidator,Semiconductor & Components,-2.7756,0.2055,0.8699,29.1337,0.4236,0.0,0.0419,0.053,773.1,60.1678,33.5039
20074,"Vacuum Sealer - Private label, Case 24",Home & Kitchen,Vacuum Sealer,Private label,Case 24,24.0,Growth,Vertex Consumer Products (US),Import Ocean FCL,Resin & Plastics,-1.4621,0.3192,0.8963,9.3967,0.7458,0.0,0.017,0.0741,2952.7,20.2118,11.9603
20075,"Resistance Bands - Private label, Each",Sporting Goods,Resistance Bands,Private label,Each,1.0,Mature,Northbrook Paper & Board,Import Ocean LCL,Aluminium & Composites,-1.6413,0.3311,0.995,13.586,0.2087,0.09,0.0326,-0.08,2544.5,26.5673,16.3083
20076,"Bedding Set - Premium brand, Each",Home & Kitchen,Bedding Set,Premium brand,Each,1.0,Growth,Ashworth Tools & Hardware,Domestic FTL,Resin & Plastics,-1.5668,0.2684,0.9618,13.7212,0.5032,0.0,0.0519,0.12,3010.0,29.5374,13.6375
20077,"Storage Bins - Value, Master carton 48",Home & Kitchen,Storage Bins,Value,Master carton 48,48.0,Mature,Meridian Private Label,Import Air Freight,Resin & Plastics,-1.6474,0.1657,0.9385,18.1249,0.3681,0.09,0.0443,0.0653,546.9,28.8279,21.2026
20078,"Filing Boxes - Value, Inner pack 6",Office & Stationery,Filing Boxes,Value,Inner pack 6,6.0,Mature,Harlow Textile Group,Import Ocean LCL,Paper & Pulp,-2.4876,0.1688,0.9871,5.3987,0.2127,0.09,0.022,-0.0569,1563.2,13.0602,8.2337
20079,"Smart Plug - National brand, Case 24",Consumer Electronics,Smart Plug,National brand,Case 24,24.0,Mature,Northbrook Paper & Board,Domestic LTL,Semiconductor & Components,-2.4532,0.1915,0.877,44.1963,0.5674,0.0,0.0692,-0.1004,368.0,67.5861,43.3929
20080,"Bluetooth Speaker - Premium brand, Case 12",Consumer Electronics,Bluetooth Speaker,Premium brand,Case 12,12.0,Mature,Cascadia Pet Products,Cross-dock Consolidator,Semiconductor & Components,-1.8038,0.2555,0.8263,29.6877,0.3216,0.0,0.0375,-0.0748,1608.6,57.4587,28.6970
20081,"27in Monitor - Private label, Bulk pallet 144",Consumer Electronics,27in Monitor,Private label,Bulk pallet 144,144.0,Growth,Guangzhou Vantage Industrial,Domestic LTL,Semiconductor & Components,-1.6485,0.3186,0.9357,28.2469,0.451,0.09,0.0326,0.072,1836.2,48.3483,28.7512
20082,"Smart Plug - Private label, Master carton 48",Consumer Electronics,Smart Plug,Private label,Master carton 48,48.0,Mature,Ningbo Hometech Manufacturing,Cross-dock Consolidator,Semiconductor & Components,-2.0425,0.3396,0.8989,38.1228,0.4585,0.0,0.0,0.0027,1092.2,75.0025,32.5884
20083,"Grooming Kit - Value, Bulk pallet 144",Pet Supplies,Grooming Kit,Value,Bulk pallet 144,144.0,Growth,Ningbo Hometech Manufacturing,Import Ocean FCL,Agricultural Inputs,-1.2973,0.1821,0.9612,12.339,0.518,0.0,0.04,0.0193,1852.3,23.7940,17.5732
20084,"Blender - Private label, Case 24",Home & Kitchen,Blender,Private label,Case 24,24.0,Mature,Vertex Consumer Products (US),Domestic LTL,Resin & Plastics,-1.3621,0.331,0.9458,10.9872,0.3629,0.0,0.0466,-0.0278,7483.7,21.5930,11.1233
20085,"Electric Toothbrush - Private label, Bulk pallet 144",Health & Beauty,Electric Toothbrush,Private label,Bulk pallet 144,144.0,Launch,Guangzhou Vantage Industrial,Domestic FTL,Chemicals & Actives,-1.0408,0.3315,0.9414,9.9712,0.561,0.0,0.0544,-0.0516,1182.8,19.8026,8.8196
20086,"Hair Dryer - Private label, Bulk pallet 144",Health & Beauty,Hair Dryer,Private label,Bulk pallet 144,144.0,Mature,Shenzhen Kaiyuan Electronics,Domestic FTL,Chemicals & Actives,-0.9926,0.3591,0.946,9.5439,0.4621,0.09,0.057,-0.3031,573.3,18.4235,8.7792
20087,"Blender - National brand, Each",Home & Kitchen,Blender,National brand,Each,1.0,Decline,Vertex Consumer Products (US),Import Air Freight,Resin & Plastics,-2.0929,0.1798,0.9823,39.1086,0.2556,0.09,0.0659,-0.3585,1118.9,69.6151,41.8122
20088,"Safety Glasses - Private label, Master carton 48",Tools & Hardware,Safety Glasses,Private label,Master carton 48,48.0,Mature,Silverline Personal Care,Import Ocean FCL,Steel & Fabricated Metal,-1.118,0.3396,0.995,28.6685,0.5705,0.09,0.0687,0.1199,1269.7,52.1660,26.7817
20089,"Bedding Set - Value, Master carton 48",Home & Kitchen,Bedding Set,Value,Master carton 48,48.0,Mature,Guangzhou Vantage Industrial,Import Ocean LCL,Resin & Plastics,-1.9653,0.1808,0.9761,52.7926,0.4857,0.0,0.0961,0.1572,1216.9,88.9097,56.1715
20090,"Pet Bed - National brand, Bulk pallet 144",Pet Supplies,Pet Bed,National brand,Bulk pallet 144,144.0,Growth,Harlow Textile Group,Domestic FTL,Agricultural Inputs,-1.175,0.205,0.995,31.1902,0.5215,0.09,0.0544,0.1413,2563.1,59.8750,31.0706
20091,"Hair Dryer - Private label, Inner pack 6",Health & Beauty,Hair Dryer,Private label,Inner pack 6,6.0,Mature,Silverline Personal Care,Cross-dock Consolidator,Chemicals & Actives,-1.1559,0.3479,0.8865,5.8723,0.5606,0.0,0.0813,-0.0312,2541.1,12.7044,8.0931
20092,"Yoga Mat - Premium brand, Each",Sporting Goods,Yoga Mat,Premium brand,Each,1.0,Mature,Shenzhen Kaiyuan Electronics,Import Ocean FCL,Aluminium & Composites,-1.6203,0.2685,0.8788,23.7636,0.6133,0.09,0.0577,-0.1272,22224.9,56.2417,35.4459
20093,"Resistance Bands - Value, Bulk pallet 144",Sporting Goods,Resistance Bands,Value,Bulk pallet 144,144.0,Mature,Silverline Personal Care,Domestic LTL,Aluminium & Composites,-1.635,0.1508,0.9563,36.9787,0.2889,0.09,0.063,0.2228,6356.5,75.8859,49.8300
20094,"Yoga Mat - National brand, Each",Sporting Goods,Yoga Mat,National brand,Each,1.0,Mature,Vertex Consumer Products (US),Import Ocean FCL,Aluminium & Composites,-1.7528,0.2038,0.8764,25.4001,0.413,0.09,0.0256,-0.117,1317.4,49.8162,35.9577
20095,"Bedding Set - Value, Inner pack 6",Home & Kitchen,Bedding Set,Value,Inner pack 6,6.0,Growth,Harlow Textile Group,Domestic FTL,Resin & Plastics,-1.8508,0.1678,0.8842,16.1825,0.5339,0.09,0.063,-0.0384,2049.2,28.4939,18.4067
20096,"Desk Organiser - Value, Each",Office & Stationery,Desk Organiser,Value,Each,1.0,Decline,Vertex Consumer Products (US),Domestic LTL,Paper & Pulp,-1.8963,0.1449,0.9934,7.5198,0.3393,0.0,0.0503,0.0436,769.6,16.8508,11.2557
20097,"Electric Toothbrush - National brand, Master carton 48",Health & Beauty,Electric Toothbrush,National brand,Master carton 48,48.0,Decline,Guangzhou Vantage Industrial,Import Ocean FCL,Chemicals & Actives,-1.1856,0.1583,0.9491,12.0865,0.2252,0.0,0.0321,-0.1391,513.4,21.6192,10.8553
20098,"Laptop Sleeve - Private label, Each",Apparel & Accessories,Laptop Sleeve,Private label,Each,1.0,Mature,Northbrook Paper & Board,Cross-dock Consolidator,Cotton & Textiles,-1.6033,0.3418,0.869,15.2349,0.0635,0.0,0.0,-0.2203,3922.3,38.1097,18.8584
20099,"Copy Paper - Value, Bulk pallet 144",Office & Stationery,Copy Paper,Value,Bulk pallet 144,144.0,Growth,Shenzhen Kaiyuan Electronics,Domestic FTL,Paper & Pulp,-1.9239,0.167,0.9585,4.8674,0.5309,0.09,0.0201,0.1087,3388.6,11.2979,6.9359
20100,"Laptop Sleeve - Private label, Bulk pallet 144",Apparel & Accessories,Laptop Sleeve,Private label,Bulk pallet 144,144.0,Decline,Ashworth Tools & Hardware,Domestic LTL,Cotton & Textiles,-1.9093,0.3345,0.9045,18.0116,0.3767,0.09,0.0393,0.2195,2097.3,38.1394,21.7813
20101,"Chew Toy Pack - National brand, Each",Pet Supplies,Chew Toy Pack,National brand,Each,1.0,Mature,Silverline Personal Care,Import Ocean LCL,Agricultural Inputs,-1.1039,0.1994,0.9878,17.5107,0.3778,0.0,0.0157,0.0188,11077.1,34.8911,25.0187
20102,"Body Wash - Private label, Inner pack 6",Health & Beauty,Body Wash,Private label,Inner pack 6,6.0,Launch,Silverline Personal Care,Cross-dock Consolidator,Chemicals & Actives,-1.1313,0.3408,0.9554,5.4759,0.511,0.0,0.0082,0.219,583.5,13.0096,6.9312
20103,"Power Bank - National brand, Inner pack 6",Consumer Electronics,Power Bank,National brand,Inner pack 6,6.0,Mature,Shenzhen Kaiyuan Electronics,Import Ocean LCL,Semiconductor & Components,-2.0141,0.2001,0.9156,37.5758,0.46,0.09,0.0001,0.0639,899.2,59.9743,36.6572
20104,"Bedding Set - National brand, Inner pack 6",Home & Kitchen,Bedding Set,National brand,Inner pack 6,6.0,Mature,Silverline Personal Care,Import Ocean LCL,Resin & Plastics,-1.9244,0.1906,0.982,36.5112,0.1191,0.0,0.0567,0.072,8965.9,64.6979,38.0019
20105,"Filing Boxes - Premium brand, Master carton 48",Office & Stationery,Filing Boxes,Premium brand,Master carton 48,48.0,Decline,Cascadia Pet Products,Import Ocean LCL,Paper & Pulp,-1.5827,0.281,0.9566,8.2947,0.5142,0.0,0.0828,0.0989,1842.6,20.2838,11.2751
20106,"Blender - Value, Each",Home & Kitchen,Blender,Value,Each,1.0,Mature,Ashworth Tools & Hardware,Domestic FTL,Resin & Plastics,-2.2021,0.1662,0.9602,12.1668,0.6248,0.0,0.097,-0.1321,1111.6,18.0493,12.7788
20107,"Laminator - National brand, Case 24",Office & Stationery,Laminator,National brand,Case 24,24.0,Mature,Shenzhen Kaiyuan Electronics,Import Air Freight,Paper & Pulp,-2.2706,0.185,0.9552,5.0818,0.4229,0.0,0.0513,-0.0284,1187.8,13.3805,8.5909
20108,"Sunscreen SPF50 - Private label, Inner pack 6",Health & Beauty,Sunscreen SPF50,Private label,Inner pack 6,6.0,Growth,Northbrook Paper & Board,Import Air Freight,Chemicals & Actives,-1.0129,0.3118,0.995,10.6442,0.5629,0.09,0.0304,0.117,4015.4,22.3244,12.3209
20109,"Adjustable Dumbbells - Private label, Master carton 48",Sporting Goods,Adjustable Dumbbells,Private label,Master carton 48,48.0,Decline,Vertex Consumer Products (US),Import Ocean LCL,Aluminium & Composites,-1.28,0.3253,0.8614,18.3578,0.2018,0.09,0.079,0.1683,8834.6,52.2949,32.4465
20110,"Air Fryer - Value, Each",Home & Kitchen,Air Fryer,Value,Each,1.0,Launch,Northbrook Paper & Board,Import Air Freight,Resin & Plastics,-1.6234,0.1442,0.9795,21.899,0.5115,0.0,0.0156,-0.0481,121.1,44.3831,25.9873
20111,"Vacuum Sealer - Value, Bulk pallet 144",Home & Kitchen,Vacuum Sealer,Value,Bulk pallet 144,144.0,Mature,Ashworth Tools & Hardware,Domestic LTL,Resin & Plastics,-1.6853,0.1685,0.9731,16.0016,0.647,0.09,0.0704,0.0691,655.7,23.8412,17.4271
20112,"Bedding Set - Private label, Inner pack 6",Home & Kitchen,Bedding Set,Private label,Inner pack 6,6.0,Growth,Meridian Private Label,Import Air Freight,Resin & Plastics,-1.5912,0.3237,0.995,9.9884,0.5542,0.0,0.0959,-0.0758,928.4,22.5529,12.8206
20113,"Electric Toothbrush - National brand, Case 24",Health & Beauty,Electric Toothbrush,National brand,Case 24,24.0,Decline,Harlow Textile Group,Import Ocean LCL,Chemicals & Actives,-1.0814,0.1877,0.9744,19.3915,0.5618,0.0,0.0576,0.0142,1274.7,30.3510,20.1801
20114,"Pet Bed - Private label, Case 12",Pet Supplies,Pet Bed,Private label,Case 12,12.0,Mature,Silverline Personal Care,Import Ocean FCL,Agricultural Inputs,-0.8765,0.3097,0.995,16.6132,0.3218,0.0,0.0596,0.002,682.4,29.5783,18.7395
20115,"Cotton T-Shirt 5pk - National brand, Each",Apparel & Accessories,Cotton T-Shirt 5pk,National brand,Each,1.0,Decline,Cascadia Pet Products,Domestic FTL,Cotton & Textiles,-2.2245,0.1645,0.8393,15.9034,0.3905,0.0,0.0032,-0.1179,433.0,28.8635,18.2516
20116,"Aquarium Filter - Premium brand, Master carton 48",Pet Supplies,Aquarium Filter,Premium brand,Master carton 48,48.0,Mature,Meridian Private Label,Import Ocean LCL,Agricultural Inputs,-0.9662,0.2764,0.9866,13.707,0.2565,0.0,0.0661,0.1607,881.3,35.0074,15.7587
20117,"27in Monitor - Private label, Each",Consumer Electronics,27in Monitor,Private label,Each,1.0,Growth,Guangzhou Vantage Industrial,Cross-dock Consolidator,Semiconductor & Components,-1.6991,0.3306,0.8719,25.5559,0.4979,0.0,0.0696,-0.1987,1517.5,54.6112,24.1065
20118,"Cycling Helmet - Value, Case 12",Sporting Goods,Cycling Helmet,Value,Case 12,12.0,Mature,Ningbo Hometech Manufacturing,Cross-dock Consolidator,Aluminium & Composites,-1.7072,0.1661,0.928,27.4821,0.3479,0.09,0.0919,0.0468,1655.4,49.1928,41.1551
20119,"Hair Dryer - National brand, Bulk pallet 144",Health & Beauty,Hair Dryer,National brand,Bulk pallet 144,144.0,Mature,Silverline Personal Care,Import Ocean FCL,Chemicals & Actives,-1.3864,0.1988,0.9426,7.8579,0.3241,0.0,0.02,0.1662,577.9,15.6775,8.5155
20120,"Sunscreen SPF50 - Value, Bulk pallet 144",Health & Beauty,Sunscreen SPF50,Value,Bulk pallet 144,144.0,Growth,Vertex Consumer Products (US),Domestic FTL,Chemicals & Actives,-1.3511,0.1589,0.9748,5.7044,0.4549,0.09,0.1006,-0.1065,5924.1,8.6450,6.3446
20121,"Bluetooth Speaker - Value, Bulk pallet 144",Consumer Electronics,Bluetooth Speaker,Value,Bulk pallet 144,144.0,Mature,Vertex Consumer Products (US),Import Ocean FCL,Semiconductor & Components,-2.0007,0.155,0.909,19.1892,0.33,0.09,0.0207,-0.1523,1004.8,26.6547,19.8418
20122,"Body Wash - National brand, Bulk pallet 144",Health & Beauty,Body Wash,National brand,Bulk pallet 144,144.0,Mature,Ningbo Hometech Manufacturing,Import Ocean LCL,Chemicals & Actives,-1.4388,0.1982,0.9051,15.3817,0.06,0.0,0.0833,-0.0155,762.4,28.9429,17.1361
20123,"Grooming Kit - National brand, Case 24",Pet Supplies,Grooming Kit,National brand,Case 24,24.0,Mature,Cascadia Pet Products,Domestic LTL,Agricultural Inputs,-1.2453,0.1741,0.967,10.5943,0.2724,0.09,0.1212,-0.0508,8256.6,18.5862,11.9273
20124,"Socket Set - Value, Each",Tools & Hardware,Socket Set,Value,Each,1.0,Mature,Cascadia Pet Products,Cross-dock Consolidator,Steel & Fabricated Metal,-1.5777,0.1825,0.9347,31.901,0.3764,0.0,0.061,-0.2445,3538.5,42.6475,26.5091
20125,"Webcam - Private label, Inner pack 6",Consumer Electronics,Webcam,Private label,Inner pack 6,6.0,Decline,Cascadia Pet Products,Domestic FTL,Semiconductor & Components,-1.6554,0.3609,0.9191,35.6967,0.4103,0.09,0.0022,-0.0699,2057.3,76.8718,35.3693
20126,"Smart Plug - Value, Master carton 48",Consumer Electronics,Smart Plug,Value,Master carton 48,48.0,Mature,Ningbo Hometech Manufacturing,Import Ocean LCL,Semiconductor & Components,-2.3637,0.151,0.9103,32.5591,0.4593,0.0,0.0149,0.2041,1647.3,49.3111,30.0773
20127,"Wireless Earbuds - Premium brand, Case 12",Consumer Electronics,Wireless Earbuds,Premium brand,Case 12,12.0,Mature,Vertex Consumer Products (US),Domestic LTL,Semiconductor & Components,-2.0019,0.2707,0.8676,22.4601,0.2034,0.0,0.0277,-0.1005,951.1,33.2335,23.6331
20128,"Adjustable Dumbbells - Private label, Each",Sporting Goods,Adjustable Dumbbells,Private label,Each,1.0,Mature,Guangzhou Vantage Industrial,Cross-dock Consolidator,Aluminium & Composites,-1.2443,0.3394,0.8628,6.2583,0.3509,0.0,0.0426,0.0389,3625.0,14.1115,9.8301
20129,"Nonstick Cookware Set - Premium brand, Each",Home & Kitchen,Nonstick Cookware Set,Premium brand,Each,1.0,Growth,Ningbo Hometech Manufacturing,Cross-dock Consolidator,Resin & Plastics,-1.3646,0.2483,0.9451,26.3223,0.3173,0.0,0.0855,0.5092,1528.0,55.6438,27.8842
20130,"Socket Set - Value, Master carton 48",Tools & Hardware,Socket Set,Value,Master carton 48,48.0,Mature,Ningbo Hometech Manufacturing,Import Ocean FCL,Steel & Fabricated Metal,-1.4161,0.1888,0.9824,23.8018,0.3809,0.09,0.0512,-0.0742,377.7,34.1926,23.8910
20131,"Desk Organiser - Private label, Bulk pallet 144",Office & Stationery,Desk Organiser,Private label,Bulk pallet 144,144.0,Launch,Cascadia Pet Products,Cross-dock Consolidator,Paper & Pulp,-2.1272,0.3538,0.995,2.9344,0.4532,0.09,0.0735,0.1225,76.6,6.4581,4.1689
20132,"HDMI Cable - National brand, Bulk pallet 144",Consumer Electronics,HDMI Cable,National brand,Bulk pallet 144,144.0,Decline,Ashworth Tools & Hardware,Domestic LTL,Semiconductor & Components,-2.4986,0.176,0.8996,27.0602,0.293,0.09,0.0458,0.1714,1391.7,39.1322,28.5682
20133,"Aquarium Filter - National brand, Case 24",Pet Supplies,Aquarium Filter,National brand,Case 24,24.0,Launch,Vertex Consumer Products (US),Domestic LTL,Agricultural Inputs,-1.2197,0.2155,0.951,8.3259,0.4106,0.09,0.01,-0.0425,861.0,15.0950,10.0166
20134,"Power Bank - Private label, Case 24",Consumer Electronics,Power Bank,Private label,Case 24,24.0,Mature,Northbrook Paper & Board,Domestic LTL,Semiconductor & Components,-1.9165,0.354,0.9205,32.6673,0.5977,0.09,0.072,-0.2015,876.8,54.3084,24.2688
20135,"Bluetooth Speaker - National brand, Each",Consumer Electronics,Bluetooth Speaker,National brand,Each,1.0,Mature,Cascadia Pet Products,Import Ocean LCL,Semiconductor & Components,-2.1091,0.1777,0.8668,42.5261,0.4205,0.0,0.0582,0.2918,1144.9,70.0892,40.7344
20136,"Vitamin C Serum - Value, Case 24",Health & Beauty,Vitamin C Serum,Value,Case 24,24.0,Launch,Meridian Private Label,Import Ocean FCL,Chemicals & Actives,-1.3173,0.1782,0.888,7.913,0.4662,0.09,0.0255,-0.0905,376.9,14.2979,10.2073
20137,"Toner Cartridge - National brand, Each",Office & Stationery,Toner Cartridge,National brand,Each,1.0,Launch,Cascadia Pet Products,Domestic FTL,Paper & Pulp,-2.3637,0.2025,0.9822,9.1409,0.1547,0.09,0.0173,-0.1067,1100.2,16.9957,11.8216
20138,"Nonstick Cookware Set - Value, Case 24",Home & Kitchen,Nonstick Cookware Set,Value,Case 24,24.0,Mature,Vertex Consumer Products (US),Import Ocean LCL,Resin & Plastics,-1.97,0.163,0.9516,17.9985,0.725,0.0,0.0761,-0.0105,673.5,32.2260,19.9941
20139,"Vacuum Sealer - Value, Each",Home & Kitchen,Vacuum Sealer,Value,Each,1.0,Mature,Ashworth Tools & Hardware,Import Ocean LCL,Resin & Plastics,-1.7717,0.1542,0.9023,23.3525,0.4617,0.0,0.0473,0.0923,578.0,42.1894,28.5700
20140,"Work Gloves - National brand, Case 24",Tools & Hardware,Work Gloves,National brand,Case 24,24.0,Mature,Silverline Personal Care,Import Air Freight,Steel & Fabricated Metal,-1.6705,0.1857,0.9129,30.5397,0.5154,0.0,0.0745,-0.073,6049.5,56.7436,33.2294
20141,"HDMI Cable - Value, Case 12",Consumer Electronics,HDMI Cable,Value,Case 12,12.0,Launch,Silverline Personal Care,Import Ocean FCL,Semiconductor & Components,-2.0315,0.1901,0.9154,27.2012,0.5303,0.0,0.0,0.1878,392.1,44.8258,21.8679
20142,"Work Gloves - Private label, Each",Tools & Hardware,Work Gloves,Private label,Each,1.0,Decline,Guangzhou Vantage Industrial,Domestic FTL,Steel & Fabricated Metal,-1.2497,0.3251,0.9453,29.2514,0.1848,0.09,0.0506,-0.0117,1905.6,49.5892,27.1624
20143,"Copy Paper - Private label, Each",Office & Stationery,Copy Paper,Private label,Each,1.0,Mature,Shenzhen Kaiyuan Electronics,Import Ocean FCL,Paper & Pulp,-1.7798,0.3364,0.995,7.1788,0.5596,0.09,0.0,0.2468,4503.6,15.5267,9.5543
20144,"Winter Gloves - National brand, Inner pack 6",Apparel & Accessories,Winter Gloves,National brand,Inner pack 6,6.0,Mature,Vertex Consumer Products (US),Import Ocean FCL,Cotton & Textiles,-2.1662,0.1995,0.9405,15.4782,0.4763,0.09,0.0581,0.0501,1434.3,29.3274,15.8033
20145,"Aquarium Filter - National brand, Master carton 48",Pet Supplies,Aquarium Filter,National brand,Master carton 48,48.0,Mature,Ashworth Tools & Hardware,Domestic LTL,Agricultural Inputs,-1.2588,0.186,0.9734,8.7945,0.292,0.09,0.0941,0.076,2174.9,16.0669,11.0399
20146,"Sunscreen SPF50 - Value, Case 24",Health & Beauty,Sunscreen SPF50,Value,Case 24,24.0,Mature,Cascadia Pet Products,Domestic FTL,Chemicals & Actives,-1.3416,0.1694,0.9383,3.3132,0.4477,0.0,0.0486,-0.0045,4080.7,5.8672,4.2293
20147,"Smart Plug - Value, Each",Consumer Electronics,Smart Plug,Value,Each,1.0,Mature,Ashworth Tools & Hardware,Cross-dock Consolidator,Semiconductor & Components,-2.5058,0.1557,0.8643,29.7519,0.2831,0.09,0.0662,0.1496,2159.6,43.8387,31.0873
20148,"Gel Pens - Value, Case 24",Office & Stationery,Gel Pens,Value,Case 24,24.0,Mature,Cascadia Pet Products,Domestic FTL,Paper & Pulp,-2.1911,0.1653,0.995,2.7008,0.0676,0.09,0.0725,-0.0186,2710.9,4.4059,3.0861
20149,"Cordless Drill - Value, Each",Tools & Hardware,Cordless Drill,Value,Each,1.0,Mature,Northbrook Paper & Board,Cross-dock Consolidator,Steel & Fabricated Metal,-1.3805,0.1885,0.9136,31.1431,0.6201,0.09,0.0474,0.0694,3617.7,43.4092,31.5713
20150,"Work Jacket - Value, Inner pack 6",Apparel & Accessories,Work Jacket,Value,Inner pack 6,6.0,Mature,Shenzhen Kaiyuan Electronics,Import Ocean LCL,Cotton & Textiles,-2.3442,0.1603,0.7861,12.7268,0.3311,0.09,0.1041,-0.0841,3300.6,26.1489,18.1340
20151,"Cooler Box - Private label, Master carton 48",Sporting Goods,Cooler Box,Private label,Master carton 48,48.0,Mature,Vertex Consumer Products (US),Domestic LTL,Aluminium & Composites,-1.4761,0.331,0.9541,26.0117,0.5608,0.0,0.0649,-0.1706,3134.8,50.6842,28.4470
20152,"Cotton T-Shirt 5pk - National brand, Case 12",Apparel & Accessories,Cotton T-Shirt 5pk,National brand,Case 12,12.0,Mature,Ningbo Hometech Manufacturing,Domestic FTL,Cotton & Textiles,-1.858,0.1867,0.8296,21.9186,0.3957,0.0,0.0009,-0.1059,22752.5,43.1613,26.0776
20153,"Body Wash - National brand, Each",Health & Beauty,Body Wash,National brand,Each,1.0,Mature,Harlow Textile Group,Cross-dock Consolidator,Chemicals & Actives,-1.2069,0.1871,0.928,14.4992,0.3736,0.09,0.0669,0.0307,1327.5,23.4644,17.6974
20154,"Filing Boxes - National brand, Each",Office & Stationery,Filing Boxes,National brand,Each,1.0,Mature,Harlow Textile Group,Cross-dock Consolidator,Paper & Pulp,-2.4999,0.1615,0.9788,8.3456,0.3305,0.0,0.0356,-0.0329,4401.2,13.6902,10.0702
20155,"Camping Tent - Private label, Case 24",Sporting Goods,Camping Tent,Private label,Case 24,24.0,Mature,Ningbo Hometech Manufacturing,Import Air Freight,Aluminium & Composites,-1.2107,0.3498,0.951,27.4329,0.5187,0.0,0.0597,-0.0517,496.0,60.2518,33.8850
20156,"Vitamin C Serum - Private label, Inner pack 6",Health & Beauty,Vitamin C Serum,Private label,Inner pack 6,6.0,Mature,Cascadia Pet Products,Import Ocean FCL,Chemicals & Actives,-0.9027,0.3524,0.9132,7.5168,0.7014,0.09,0.056,0.1618,2109.1,18.2538,8.8545
20157,"LED Floor Lamp - Premium brand, Case 12",Home & Kitchen,LED Floor Lamp,Premium brand,Case 12,12.0,Growth,Cascadia Pet Products,Domestic FTL,Resin & Plastics,-1.4281,0.2543,0.9755,11.688,0.5384,0.09,0.0357,0.0471,1993.3,22.1801,12.3365
20158,"Blender - Premium brand, Each",Home & Kitchen,Blender,Premium brand,Each,1.0,Decline,Silverline Personal Care,Domestic LTL,Resin & Plastics,-1.6074,0.2681,0.9701,20.307,0.4498,0.09,0.0365,-0.127,1157.8,40.1864,24.6898
20159,"Gel Pens - Private label, Inner pack 6",Office & Stationery,Gel Pens,Private label,Inner pack 6,6.0,Decline,Cascadia Pet Products,Cross-dock Consolidator,Paper & Pulp,-1.8618,0.326,0.9185,4.9388,0.6057,0.0,0.0155,0.255,1441.8,12.4073,8.1847
20160,"Sunscreen SPF50 - National brand, Case 24",Health & Beauty,Sunscreen SPF50,National brand,Case 24,24.0,Growth,Shenzhen Kaiyuan Electronics,Import Air Freight,Chemicals & Actives,-1.4396,0.1906,0.9317,11.8972,0.6318,0.0,0.0142,-0.2496,3555.3,27.4840,16.2586
20161,"LED Floor Lamp - National brand, Case 12",Home & Kitchen,LED Floor Lamp,National brand,Case 12,12.0,Growth,Vertex Consumer Products (US),Import Ocean FCL,Resin & Plastics,-2.1836,0.1575,0.9258,38.0619,0.2619,0.09,0.0476,-0.2683,668.4,53.2154,38.8006
20162,"Electric Toothbrush - National brand, Case 12",Health & Beauty,Electric Toothbrush,National brand,Case 12,12.0,Mature,Vertex Consumer Products (US),Domestic LTL,Chemicals & Actives,-1.1688,0.1663,0.8869,10.422,0.4745,0.0,0.0802,0.1132,1863.6,25.3945,13.0403
20163,"Storage Bins - Value, Bulk pallet 144",Home & Kitchen,Storage Bins,Value,Bulk pallet 144,144.0,Mature,Guangzhou Vantage Industrial,Import Ocean FCL,Resin & Plastics,-1.7317,0.194,0.995,10.7145,0.513,0.0,0.0636,-0.2882,425.9,13.0286,10.1194
20164,"27in Monitor - Value, Inner pack 6",Consumer Electronics,27in Monitor,Value,Inner pack 6,6.0,Mature,Harlow Textile Group,Cross-dock Consolidator,Semiconductor & Components,-2.2284,0.1459,0.871,63.424,0.3095,0.0,0.0391,0.0717,3150.1,77.7982,60.4140
20165,"Wireless Earbuds - National brand, Each",Consumer Electronics,Wireless Earbuds,National brand,Each,1.0,Growth,Meridian Private Label,Domestic LTL,Semiconductor & Components,-2.4105,0.1866,0.9005,29.414,0.2693,0.09,0.0,-0.0992,9297.9,47.6072,30.6953
20166,"Electric Toothbrush - National brand, Bulk pallet 144",Health & Beauty,Electric Toothbrush,National brand,Bulk pallet 144,144.0,Decline,Cascadia Pet Products,Import Ocean LCL,Chemicals & Actives,-1.2937,0.1721,0.9498,7.1688,0.5615,0.0,0.0207,0.0121,2278.9,12.4650,9.0724
20167,"Pet Bed - Private label, Bulk pallet 144",Pet Supplies,Pet Bed,Private label,Bulk pallet 144,144.0,Decline,Vertex Consumer Products (US),Cross-dock Consolidator,Agricultural Inputs,-0.8774,0.3498,0.9716,9.3903,0.3739,0.0,0.0,0.2279,1868.4,17.7270,10.1337
20168,"Vacuum Sealer - Premium brand, Inner pack 6",Home & Kitchen,Vacuum Sealer,Premium brand,Inner pack 6,6.0,Mature,Meridian Private Label,Cross-dock Consolidator,Resin & Plastics,-1.4614,0.2606,0.9759,61.0703,0.7127,0.0,0.0796,0.2901,1539.6,125.2574,76.8105
20169,"Grooming Kit - Premium brand, Case 12",Pet Supplies,Grooming Kit,Premium brand,Case 12,12.0,Mature,Harlow Textile Group,Cross-dock Consolidator,Agricultural Inputs,-1.005,0.2518,0.9435,9.956,0.5179,0.0,0.064,-0.0395,5820.7,23.8790,13.4181
20170,"Safety Glasses - Premium brand, Case 24",Tools & Hardware,Safety Glasses,Premium brand,Case 24,24.0,Mature,Ningbo Hometech Manufacturing,Cross-dock Consolidator,Steel & Fabricated Metal,-1.3946,0.2685,0.9039,16.3839,0.3617,0.0,0.0727,0.003,1548.2,37.8679,15.8661
20171,"Body Wash - Value, Each",Health & Beauty,Body Wash,Value,Each,1.0,Mature,Silverline Personal Care,Import Ocean LCL,Chemicals & Actives,-1.5085,0.1562,0.9148,8.4735,0.7926,0.0,0.0563,-0.137,600.7,18.1674,12.9192
20172,"Work Gloves - Value, Master carton 48",Tools & Hardware,Work Gloves,Value,Master carton 48,48.0,Growth,Northbrook Paper & Board,Domestic LTL,Steel & Fabricated Metal,-1.3163,0.1623,0.9655,30.6167,0.3771,0.0,0.0685,0.0872,3833.1,42.0312,30.7588
20173,"Nonstick Cookware Set - Value, Bulk pallet 144",Home & Kitchen,Nonstick Cookware Set,Value,Bulk pallet 144,144.0,Mature,Meridian Private Label,Cross-dock Consolidator,Resin & Plastics,-2.107,0.164,0.9826,22.9201,0.5036,0.0,0.0675,0.0211,4203.4,29.4159,22.0179
20174,"Socket Set - National brand, Each",Tools & Hardware,Socket Set,National brand,Each,1.0,Growth,Northbrook Paper & Board,Import Air Freight,Steel & Fabricated Metal,-1.6347,0.1835,0.9237,17.7645,0.5505,0.09,0.0904,0.1082,2192.2,33.9420,23.2438
20175,"Nonstick Cookware Set - Private label, Bulk pallet 144",Home & Kitchen,Nonstick Cookware Set,Private label,Bulk pallet 144,144.0,Launch,Harlow Textile Group,Domestic FTL,Resin & Plastics,-1.3382,0.3462,0.9519,22.8651,0.4141,0.09,0.0375,-0.1191,857.9,43.2075,23.8079
20176,"Grooming Kit - Value, Case 12",Pet Supplies,Grooming Kit,Value,Case 12,12.0,Mature,Cascadia Pet Products,Domestic LTL,Agricultural Inputs,-0.9556,0.1847,0.9539,12.4196,0.4629,0.0,0.0758,0.1164,204.2,20.6702,14.0912
20177,"Gel Pens - Premium brand, Bulk pallet 144",Office & Stationery,Gel Pens,Premium brand,Bulk pallet 144,144.0,Decline,Shenzhen Kaiyuan Electronics,Import Ocean LCL,Paper & Pulp,-1.5488,0.2694,0.9686,8.6495,0.2772,0.09,0.0171,-0.0841,3282.4,20.0495,10.6046
20178,"Vitamin C Serum - Private label, Case 12",Health & Beauty,Vitamin C Serum,Private label,Case 12,12.0,Mature,Silverline Personal Care,Import Ocean LCL,Chemicals & Actives,-1.1554,0.3708,0.9449,7.707,0.2974,0.0,0.0369,0.1354,558.5,14.3544,9.7342
20179,"Bluetooth Speaker - Value, Each",Consumer Electronics,Bluetooth Speaker,Value,Each,1.0,Decline,Silverline Personal Care,Import Ocean LCL,Semiconductor & Components,-2.3552,0.1549,0.9335,88.8565,0.2853,0.0,0.0161,0.2556,437.7,127.4804,79.4350
20180,"Toner Cartridge - National brand, Inner pack 6",Office & Stationery,Toner Cartridge,National brand,Inner pack 6,6.0,Mature,Cascadia Pet Products,Cross-dock Consolidator,Paper & Pulp,-1.8612,0.1848,0.9465,7.9625,0.4577,0.09,0.0057,-0.1093,3193.8,15.1889,9.7408
20181,"Yoga Mat - National brand, Bulk pallet 144",Sporting Goods,Yoga Mat,National brand,Bulk pallet 144,144.0,Growth,Cascadia Pet Products,Import Air Freight,Aluminium & Composites,-1.4735,0.1886,0.9225,13.3345,0.6838,0.09,0.0192,0.1254,995.6,28.6280,21.8619
20182,"Camping Tent - Value, Case 12",Sporting Goods,Camping Tent,Value,Case 12,12.0,Growth,Guangzhou Vantage Industrial,Domestic FTL,Aluminium & Composites,-1.995,0.1361,0.9031,9.6564,0.2218,0.09,0.0399,0.2468,1862.6,16.5003,12.8563
20183,"Adjustable Dumbbells - National brand, Case 12",Sporting Goods,Adjustable Dumbbells,National brand,Case 12,12.0,Mature,Shenzhen Kaiyuan Electronics,Import Ocean FCL,Aluminium & Composites,-1.704,0.1633,0.9483,40.4228,0.6608,0.0,0.0798,0.1447,1842.5,60.9068,42.5092
20184,"Vacuum Sealer - Private label, Each",Home & Kitchen,Vacuum Sealer,Private label,Each,1.0,Decline,Meridian Private Label,Import Air Freight,Resin & Plastics,-1.8379,0.3234,0.9493,14.9805,0.374,0.09,0.0034,-0.0842,424.6,27.5275,19.3114
20185,"Bluetooth Speaker - Value, Master carton 48",Consumer Electronics,Bluetooth Speaker,Value,Master carton 48,48.0,Decline,Guangzhou Vantage Industrial,Cross-dock Consolidator,Semiconductor & Components,-2.0886,0.1413,0.8884,54.5402,0.3609,0.0,0.0832,-0.0753,786.0,69.3715,55.7498
20186,"Laser Measure - National brand, Case 24",Tools & Hardware,Laser Measure,National brand,Case 24,24.0,Mature,Harlow Textile Group,Import Ocean FCL,Steel & Fabricated Metal,-1.7885,0.1924,0.968,32.6027,0.3324,0.0,0.0294,-0.0616,499.4,53.6145,29.7937
20187,"Blender - Value, Case 12",Home & Kitchen,Blender,Value,Case 12,12.0,Growth,Ningbo Hometech Manufacturing,Domestic LTL,Resin & Plastics,-2.0726,0.1748,0.9914,16.7294,0.1398,0.09,0.0658,0.0925,1222.1,27.3253,17.6436
20188,"Multivitamin - National brand, Case 24",Health & Beauty,Multivitamin,National brand,Case 24,24.0,Mature,Cascadia Pet Products,Import Ocean FCL,Chemicals & Actives,-1.2646,0.1732,0.9687,14.9163,0.1195,0.0,0.0418,-0.0342,418.0,24.0855,15.8189
20189,"Aquarium Filter - National brand, Each",Pet Supplies,Aquarium Filter,National brand,Each,1.0,Mature,Guangzhou Vantage Industrial,Cross-dock Consolidator,Agricultural Inputs,-1.074,0.1875,0.9725,11.8876,0.2018,0.0,0.0325,0.1063,4088.2,21.6568,12.0755
20190,"Aquarium Filter - Value, Inner pack 6",Pet Supplies,Aquarium Filter,Value,Inner pack 6,6.0,Mature,Meridian Private Label,Import Ocean FCL,Agricultural Inputs,-1.2611,0.1857,0.9911,5.7032,0.4662,0.0,0.0744,0.0193,3197.4,10.6806,7.8413
20191,"Cat Litter - Premium brand, Case 24",Pet Supplies,Cat Litter,Premium brand,Case 24,24.0,Mature,Shenzhen Kaiyuan Electronics,Domestic FTL,Agricultural Inputs,-0.8451,0.2504,0.9692,12.3999,0.6481,0.09,0.0418,0.0104,5902.2,25.5122,19.6464
20192,"Body Wash - National brand, Inner pack 6",Health & Beauty,Body Wash,National brand,Inner pack 6,6.0,Mature,Ningbo Hometech Manufacturing,Domestic FTL,Chemicals & Actives,-1.0797,0.2061,0.9413,9.9085,0.4855,0.0,0.0575,0.2625,7039.9,19.8499,12.7144
20193,"Chew Toy Pack - Premium brand, Master carton 48",Pet Supplies,Chew Toy Pack,Premium brand,Master carton 48,48.0,Decline,Harlow Textile Group,Import Ocean LCL,Agricultural Inputs,-0.8557,0.2698,0.9775,15.2492,0.4159,0.0,0.0,-0.1179,342.9,31.8214,28.0446
20194,"Cotton T-Shirt 5pk - Value, Inner pack 6",Apparel & Accessories,Cotton T-Shirt 5pk,Value,Inner pack 6,6.0,Mature,Ningbo Hometech Manufacturing,Domestic LTL,Cotton & Textiles,-1.9,0.1709,0.858,14.2771,0.3209,0.09,0.0354,-0.1131,1488.6,28.2939,20.9485
20195,"Hair Dryer - Value, Inner pack 6",Health & Beauty,Hair Dryer,Value,Inner pack 6,6.0,Decline,Ningbo Hometech Manufacturing,Import Ocean LCL,Chemicals & Actives,-1.2987,0.1794,0.9291,6.869,0.5542,0.0,0.059,-0.15,4381.9,13.1347,8.8750
20196,"Resistance Bands - Value, Each",Sporting Goods,Resistance Bands,Value,Each,1.0,Decline,Ningbo Hometech Manufacturing,Domestic FTL,Aluminium & Composites,-1.4475,0.1433,0.9192,18.5899,0.9135,0.09,0.0713,0.1443,1466.9,32.2179,26.4298
20197,"Copy Paper - National brand, Master carton 48",Office & Stationery,Copy Paper,National brand,Master carton 48,48.0,Mature,Shenzhen Kaiyuan Electronics,Import Air Freight,Paper & Pulp,-1.9944,0.1806,0.9624,7.829,0.5029,0.0,0.0321,-0.1737,4321.7,18.0313,12.0283
20198,"Nonstick Cookware Set - National brand, Bulk pallet 144",Home & Kitchen,Nonstick Cookware Set,National brand,Bulk pallet 144,144.0,Mature,Guangzhou Vantage Industrial,Domestic LTL,Resin & Plastics,-1.5609,0.2002,0.9705,22.6976,0.5956,0.0,0.0688,-0.2382,5487.8,40.1222,23.4286
20199,"Blender - National brand, Master carton 48",Home & Kitchen,Blender,National brand,Master carton 48,48.0,Mature,Northbrook Paper & Board,Import Ocean LCL,Resin & Plastics,-2.0222,0.1962,0.9585,16.4208,0.2867,0.09,0.0508,-0.2022,2511.5,26.2128,19.4526
20200,"Resistance Bands - National brand, Bulk pallet 144",Sporting Goods,Resistance Bands,National brand,Bulk pallet 144,144.0,Mature,Silverline Personal Care,Import Air Freight,Aluminium & Composites,-1.6244,0.1872,0.9055,18.4787,0.6282,0.0,0.0652,0.1095,1660.4,36.0718,26.9734
20201,"Bluetooth Speaker - National brand, Case 12",Consumer Electronics,Bluetooth Speaker,National brand,Case 12,12.0,Mature,Meridian Private Label,Domestic FTL,Semiconductor & Components,-2.0935,0.1919,0.8628,56.2494,0.6923,0.0,0.0544,-0.096,1849.9,100.0030,62.6866
20202,"Cooler Box - Premium brand, Case 24",Sporting Goods,Cooler Box,Premium brand,Case 24,24.0,Mature,Meridian Private Label,Import Ocean LCL,Aluminium & Composites,-1.2223,0.2757,0.9713,50.9656,0.3445,0.0,0.0806,0.1129,2302.8,104.2581,54.1114
20203,"Air Fryer - Private label, Master carton 48",Home & Kitchen,Air Fryer,Private label,Master carton 48,48.0,Mature,Guangzhou Vantage Industrial,Import Ocean FCL,Resin & Plastics,-1.5131,0.3541,0.893,13.0214,0.3091,0.0,0.0076,-0.208,1069.7,24.0045,13.2839
20204,"Adjustable Dumbbells - Premium brand, Bulk pallet 144",Sporting Goods,Adjustable Dumbbells,Premium brand,Bulk pallet 144,144.0,Mature,Ningbo Hometech Manufacturing,Domestic FTL,Aluminium & Composites,-1.3511,0.2492,0.9867,26.2715,0.3111,0.0,0.0297,-0.0486,5248.0,55.6615,27.9878
20205,"Bedding Set - Private label, Case 12",Home & Kitchen,Bedding Set,Private label,Case 12,12.0,Mature,Ashworth Tools & Hardware,Import Air Freight,Resin & Plastics,-1.5072,0.3444,0.9527,16.4127,0.3519,0.09,0.05,0.0115,2701.1,35.0970,19.4686
20206,"Blender - National brand, Case 24",Home & Kitchen,Blender,National brand,Case 24,24.0,Decline,Northbrook Paper & Board,Import Ocean FCL,Resin & Plastics,-2.2136,0.1774,0.9524,21.9591,0.3852,0.0,0.0746,0.0603,307.3,37.0919,28.6919
20207,"Cycling Helmet - Private label, Case 12",Sporting Goods,Cycling Helmet,Private label,Case 12,12.0,Mature,Silverline Personal Care,Domestic LTL,Aluminium & Composites,-1.4587,0.3267,0.8821,12.4292,0.5013,0.0,0.051,-0.0776,15301.6,29.7315,20.2052
20208,"Safety Glasses - Premium brand, Bulk pallet 144",Tools & Hardware,Safety Glasses,Premium brand,Bulk pallet 144,144.0,Mature,Meridian Private Label,Domestic FTL,Steel & Fabricated Metal,-1.4897,0.2699,0.9289,30.6471,0.5975,0.0,0.0857,-0.3025,1283.5,62.6736,30.3517
20209,"USB-C Charger - National brand, Bulk pallet 144",Consumer Electronics,USB-C Charger,National brand,Bulk pallet 144,144.0,Mature,Shenzhen Kaiyuan Electronics,Import Ocean LCL,Semiconductor & Components,-2.7456,0.2031,0.9019,24.4433,0.4676,0.09,0.0029,0.0627,269.6,47.3384,30.4485
20210,"Socket Set - Private label, Each",Tools & Hardware,Socket Set,Private label,Each,1.0,Decline,Meridian Private Label,Domestic FTL,Steel & Fabricated Metal,-1.5441,0.3302,0.92,22.3899,0.2445,0.0,0.0,-0.1356,2257.7,41.4339,18.3725
20211,"Cat Litter - Premium brand, Each",Pet Supplies,Cat Litter,Premium brand,Each,1.0,Growth,Ashworth Tools & Hardware,Import Ocean FCL,Agricultural Inputs,-0.9169,0.2585,0.9585,11.5361,0.5473,0.09,0.0567,0.2547,1887.9,26.6305,18.2605
20212,"Cutlery Block - Private label, Master carton 48",Home & Kitchen,Cutlery Block,Private label,Master carton 48,48.0,Launch,Northbrook Paper & Board,Domestic LTL,Resin & Plastics,-1.6382,0.3567,0.9307,5.9943,0.5666,0.0,0.0,-0.0447,168.7,14.1184,7.2080
20213,"Bedding Set - Premium brand, Master carton 48",Home & Kitchen,Bedding Set,Premium brand,Master carton 48,48.0,Decline,Northbrook Paper & Board,Import Air Freight,Resin & Plastics,-1.3572,0.2499,0.9422,22.8764,0.5348,0.0,0.0492,-0.0016,1215.8,50.7217,28.5523
20214,"Vitamin C Serum - Premium brand, Case 24",Health & Beauty,Vitamin C Serum,Premium brand,Case 24,24.0,Mature,Meridian Private Label,Cross-dock Consolidator,Chemicals & Actives,-0.97,0.2545,0.9546,6.7324,0.5554,0.0,0.031,-0.272,7871.3,15.0875,7.7411
20215,"Body Wash - Premium brand, Bulk pallet 144",Health & Beauty,Body Wash,Premium brand,Bulk pallet 144,144.0,Decline,Silverline Personal Care,Domestic FTL,Chemicals & Actives,-1.2139,0.2755,0.9155,6.7924,0.4229,0.09,0.0602,0.0666,4886.7,14.1019,7.6317
20216,"Laptop Sleeve - National brand, Each",Apparel & Accessories,Laptop Sleeve,National brand,Each,1.0,Launch,Ningbo Hometech Manufacturing,Cross-dock Consolidator,Cotton & Textiles,-2.2029,0.2042,0.8404,11.9304,0.4507,0.0,0.0399,-0.0979,582.7,23.4161,14.6142
20217,"Work Gloves - National brand, Each",Tools & Hardware,Work Gloves,National brand,Each,1.0,Mature,Cascadia Pet Products,Cross-dock Consolidator,Steel & Fabricated Metal,-1.7673,0.1954,0.8718,14.3703,0.5961,0.09,0.0553,0.253,1726.3,20.9166,15.1059
20218,"Desk Organiser - Private label, Case 12",Office & Stationery,Desk Organiser,Private label,Case 12,12.0,Mature,Shenzhen Kaiyuan Electronics,Domestic LTL,Paper & Pulp,-1.4892,0.3518,0.9595,6.8756,0.382,0.09,0.044,0.0614,1319.9,15.0862,9.7369
20219,"Laser Measure - Value, Case 12",Tools & Hardware,Laser Measure,Value,Case 12,12.0,Decline,Guangzhou Vantage Industrial,Import Ocean LCL,Steel & Fabricated Metal,-1.4268,0.1614,0.9763,7.8612,0.6692,0.0,0.0509,-0.2052,1761.5,12.0818,8.4519
20220,"Air Fryer - Premium brand, Inner pack 6",Home & Kitchen,Air Fryer,Premium brand,Inner pack 6,6.0,Mature,Ningbo Hometech Manufacturing,Import Ocean FCL,Resin & Plastics,-1.5573,0.2555,0.995,40.2721,0.4861,0.09,0.0932,0.0631,1371.9,76.2519,44.2191
20221,"Cat Litter - Private label, Bulk pallet 144",Pet Supplies,Cat Litter,Private label,Bulk pallet 144,144.0,Mature,Silverline Personal Care,Import Ocean LCL,Agricultural Inputs,-0.8759,0.3569,0.9516,4.6079,0.5903,0.09,0.0435,0.2515,753.4,11.9736,7.3517
20222,"Socket Set - National brand, Case 24",Tools & Hardware,Socket Set,National brand,Case 24,24.0,Mature,Silverline Personal Care,Cross-dock Consolidator,Steel & Fabricated Metal,-1.564,0.1901,0.9489,23.594,0.3566,0.09,0.0404,0.0277,2991.5,35.3464,23.1381
20223,"Adjustable Dumbbells - National brand, Each",Sporting Goods,Adjustable Dumbbells,National brand,Each,1.0,Mature,Northbrook Paper & Board,Domestic LTL,Aluminium & Composites,-1.8452,0.2001,0.9278,22.8967,0.3236,0.0,0.0649,0.0925,904.1,37.4455,26.3806
20224,"Chew Toy Pack - National brand, Case 24",Pet Supplies,Chew Toy Pack,National brand,Case 24,24.0,Mature,Harlow Textile Group,Import Ocean FCL,Agricultural Inputs,-1.294,0.1655,0.95,10.2578,0.3947,0.09,0.0875,0.1611,3869.7,15.6125,12.6528
20225,"Air Fryer - Private label, Case 24",Home & Kitchen,Air Fryer,Private label,Case 24,24.0,Growth,Harlow Textile Group,Import Air Freight,Resin & Plastics,-1.6748,0.3343,0.9557,17.9351,0.2743,0.0,0.0546,-0.1371,5883.1,39.5681,20.5185
20226,"Mechanical Keyboard - National brand, Each",Consumer Electronics,Mechanical Keyboard,National brand,Each,1.0,Mature,Shenzhen Kaiyuan Electronics,Domestic FTL,Semiconductor & Components,-2.6316,0.1969,0.9029,24.6787,0.2539,0.0,0.0713,0.0958,14118.0,42.8327,17.8435
20227,"Webcam - Value, Case 12",Consumer Electronics,Webcam,Value,Case 12,12.0,Growth,Cascadia Pet Products,Domestic LTL,Semiconductor & Components,-2.8245,0.1637,0.818,25.5085,0.3812,0.0,0.0816,0.1042,1999.4,40.3070,31.7595
20228,"Bedding Set - National brand, Case 24",Home & Kitchen,Bedding Set,National brand,Case 24,24.0,Decline,Meridian Private Label,Import Air Freight,Resin & Plastics,-1.8159,0.2157,0.9374,29.1099,0.337,0.0,0.0301,0.0766,357.1,47.5262,32.7679
20229,"Safety Glasses - National brand, Case 24",Tools & Hardware,Safety Glasses,National brand,Case 24,24.0,Mature,Cascadia Pet Products,Import Air Freight,Steel & Fabricated Metal,-1.6253,0.1817,0.9486,20.1289,0.3591,0.0,0.0492,-0.2258,807.5,37.4496,25.2581
20230,"Camping Tent - Value, Each",Sporting Goods,Camping Tent,Value,Each,1.0,Mature,Shenzhen Kaiyuan Electronics,Import Ocean FCL,Aluminium & Composites,-1.8711,0.1563,0.995,42.3063,0.7444,0.0,0.0423,0.0018,1836.6,65.4257,51.4477
20231,"Mechanical Keyboard - Value, Case 12",Consumer Electronics,Mechanical Keyboard,Value,Case 12,12.0,Growth,Cascadia Pet Products,Import Ocean FCL,Semiconductor & Components,-2.3021,0.1544,0.8893,30.4398,0.4049,0.09,0.0844,0.0657,748.6,44.0724,28.7410
20232,"Adjustable Dumbbells - Premium brand, Each",Sporting Goods,Adjustable Dumbbells,Premium brand,Each,1.0,Growth,Ashworth Tools & Hardware,Import Ocean FCL,Aluminium & Composites,-1.3776,0.2679,0.968,26.228,0.2829,0.09,0.0502,-0.0324,2861.9,75.9783,36.5304
20233,"Desk Organiser - National brand, Each",Office & Stationery,Desk Organiser,National brand,Each,1.0,Growth,Silverline Personal Care,Import Ocean FCL,Paper & Pulp,-2.2374,0.1747,0.995,6.8304,0.3016,0.0,0.0419,0.1495,5390.8,14.3337,9.1395
20234,"Vacuum Sealer - National brand, Each",Home & Kitchen,Vacuum Sealer,National brand,Each,1.0,Mature,Harlow Textile Group,Import Ocean FCL,Resin & Plastics,-1.8014,0.1942,0.9147,29.0087,0.383,0.0,0.0478,0.1639,1268.9,53.2414,31.3740
20235,"Wireless Earbuds - Value, Case 12",Consumer Electronics,Wireless Earbuds,Value,Case 12,12.0,Mature,Meridian Private Label,Domestic FTL,Semiconductor & Components,-2.4987,0.1843,0.8277,20.4435,0.3374,0.09,0.1007,0.2718,9979.8,33.3041,20.5839
20236,"Cooler Box - National brand, Case 12",Sporting Goods,Cooler Box,National brand,Case 12,12.0,Decline,Northbrook Paper & Board,Import Air Freight,Aluminium & Composites,-1.9992,0.1574,0.9302,60.2383,0.2907,0.09,0.0604,0.1514,1890.1,112.2198,76.8399
20237,"Nonstick Cookware Set - Value, Each",Home & Kitchen,Nonstick Cookware Set,Value,Each,1.0,Mature,Guangzhou Vantage Industrial,Import Ocean FCL,Resin & Plastics,-1.8741,0.1831,0.9389,17.1356,0.3069,0.09,0.0005,0.1248,1543.2,27.3776,15.8520
20238,"Vitamin C Serum - Private label, Each",Health & Beauty,Vitamin C Serum,Private label,Each,1.0,Growth,Ashworth Tools & Hardware,Domestic LTL,Chemicals & Actives,-1.0552,0.3574,0.995,5.8584,0.2025,0.0,0.0724,-0.0257,212.0,11.1837,6.2067
20239,"Multivitamin - Private label, Inner pack 6",Health & Beauty,Multivitamin,Private label,Inner pack 6,6.0,Growth,Guangzhou Vantage Industrial,Import Ocean LCL,Chemicals & Actives,-1.1558,0.3386,0.9387,12.8558,0.4322,0.09,0.0229,0.1563,4339.4,28.1058,13.5216
