quote_id,month,customer_id,product_id,segment,quantity_units,list_price,quoted_price,competitor_price,price_ratio,final_cost,won,outcome,loss_reason
Q102459,2026-04-01,CU2000,20138,Independent Retailer,130.9,33.0044,30.9353,26.6236,1.16195,20.3124,1,Won,
Q102651,2026-04-01,CU2000,20238,Independent Retailer,279.6,11.1412,10.5262,9.5634,1.10068,6.3888,1,Won,
Q104701,2026-04-01,CU2000,20238,Independent Retailer,163.5,11.1412,9.7906,11.5253,0.84949,6.3888,1,Won,
Q104128,2026-04-01,CU2001,20016,Subscription Box Operator,244.6,19.4641,15.3153,17.8167,0.8596,12.3038,1,Won,
Q105510,2026-04-01,CU2001,20078,Subscription Box Operator,690.2,14.0661,12.1074,14.1027,0.85852,8.7857,0,Lost,Specification
Q102929,2026-04-01,CU2002,20171,Marketplace Seller,2060.9,21.1959,19.0443,19.2329,0.99019,14.3081,1,Won,
Q103468,2026-04-01,CU2002,20007,Marketplace Seller,579.5,21.8247,18.9972,19.9154,0.95389,15.1167,1,Won,
Q104662,2026-04-01,CU2002,20205,Marketplace Seller,629.8,35.9138,34.3992,35.0284,0.98204,19.7829,0,Lost,Specification
Q104819,2026-04-01,CU2004,20008,Independent Retailer,38.4,21.2885,19.5516,19.5358,1.00081,14.3158,1,Won,
Q105571,2026-04-01,CU2004,20188,Independent Retailer,874.8,22.8172,23.2735,19.4116,1.19895,15.8902,0,Lost,Lead time
Q101260,2026-04-01,CU2007,20037,Sub-Distributor,223.9,37.1523,34.5948,36.5526,0.94644,26.7872,1,Won,
Q103350,2026-04-01,CU2007,20207,Sub-Distributor,65.5,29.7315,24.8845,25.3403,0.98201,20.5587,0,Lost,Price
Q101198,2026-04-01,CU2008,20052,Independent Retailer,1856.2,38.6068,37.5349,39.0072,0.96226,20.4353,0,Lost,Specification
Q105051,2026-04-01,CU2008,20037,Independent Retailer,286.8,37.1523,33.9865,30.6181,1.11001,26.7872,1,Won,
Q104752,2026-04-01,CU2010,20144,Sub-Distributor,688.4,28.8347,24.5782,29.6579,0.82872,14.7967,1,Won,
Q100591,2026-04-01,CU2011,20010,Regional Retail Chain,181.4,48.9022,48.0385,44.5145,1.07916,35.0496,0,Lost,Price
Q104006,2026-04-01,CU2011,20014,Regional Retail Chain,470.6,39.136,32.8184,33.9321,0.96718,16.4483,1,Won,
Q101094,2026-04-01,CU2012,20063,Government & Education,230.3,33.0574,27.1264,29.6733,0.91417,18.3917,0,Lost,Specification
Q103821,2026-04-01,CU2013,20098,Independent Retailer,504.3,39.5264,34.7874,40.2254,0.86481,16.7431,1,Won,
Q104335,2026-04-01,CU2013,20068,Independent Retailer,524.8,39.0531,29.92,34.3959,0.86987,18.8816,0,Lost,Incumbent supplier
Q102161,2026-04-01,CU2015,20006,Corporate & B2B Buyer,87.0,39.9216,36.4747,40.3699,0.90351,20.3464,1,Won,
Q101994,2026-04-01,CU2016,20103,Corporate & B2B Buyer,177.7,54.4089,50.4523,56.8269,0.88783,26.7444,1,Won,
Q103237,2026-04-01,CU2016,20231,Corporate & B2B Buyer,115.8,31.3333,29.4596,29.1892,1.00926,24.6325,0,Lost,Price
Q101216,2026-04-01,CU2018,20207,Independent Retailer,272.8,29.7315,22.1098,30.2388,0.73117,20.5587,1,Won,
Q103550,2026-04-01,CU2020,20166,Marketplace Seller,2313.7,12.465,10.8002,10.2487,1.05381,9.1631,0,Lost,Price
Q105316,2026-04-01,CU2020,20151,Marketplace Seller,68.5,52.0445,49.3579,49.0434,1.00641,29.959,0,Lost,Price
Q101808,2026-04-01,CU2021,20219,Corporate & B2B Buyer,462.9,12.2713,10.0335,11.7738,0.85219,8.0253,1,Won,
Q103084,2026-04-01,CU2022,20019,Regional Retail Chain,986.2,9.2364,8.8984,7.7244,1.15198,5.5082,0,Lost,Specification
Q103408,2026-04-01,CU2022,20128,Regional Retail Chain,2616.4,23.1534,20.682,24.2747,0.852,12.2361,0,Lost,Price
Q105525,2026-04-01,CU2022,20182,Regional Retail Chain,181.3,16.757,15.2545,17.3217,0.88066,13.4068,0,Lost,Specification
Q105333,2026-04-01,CU2025,20099,E-commerce Pure-Play,363.7,12.6296,11.0251,12.3766,0.8908,8.2563,0,Lost,Price
Q102049,2026-04-01,CU2026,20001,Marketplace Seller,1057.4,19.1349,15.9289,16.1491,0.98637,11.1849,0,Lost,Price
Q100947,2026-04-01,CU2029,20009,Independent Retailer,105.7,32.5708,29.1798,27.086,1.0773,13.9131,0,Lost,Price
Q101706,2026-04-01,CU2029,20192,Independent Retailer,256.0,22.5565,21.5275,18.7929,1.14551,14.0,0,Lost,Price
Q104145,2026-04-01,CU2029,20135,Independent Retailer,375.6,62.627,56.2421,61.4798,0.91481,31.0246,0,Lost,Price
Q101342,2026-04-01,CU2030,20111,Independent Retailer,1036.6,22.7915,21.6724,22.023,0.98408,19.2863,0,Lost,Incumbent supplier
Q103295,2026-04-01,CU2030,20184,Independent Retailer,471.6,24.7692,22.1733,20.5888,1.07696,20.2442,0,Lost,Incumbent supplier
Q101644,2026-04-01,CU2032,20073,Sub-Distributor,373.8,60.1678,56.445,52.3049,1.07915,27.9283,0,Lost,Incumbent supplier
Q102109,2026-04-01,CU2033,20128,Independent Retailer,193.9,23.1534,18.4336,22.1065,0.83385,12.2361,1,Won,
Q104991,2026-04-01,CU2033,20024,Independent Retailer,140.8,53.5292,49.099,53.07,0.92518,34.4057,1,Won,
Q102805,2026-04-01,CU2034,20082,Marketplace Seller,1252.4,66.0578,54.7725,68.5491,0.79903,27.2161,1,Won,
Q103059,2026-04-01,CU2034,20166,Marketplace Seller,139.8,12.465,10.8483,11.4219,0.94978,9.1631,1,Won,
Q104426,2026-04-01,CU2034,20156,Marketplace Seller,1906.5,18.7243,17.6623,18.2815,0.96613,8.3667,0,Lost,Price
Q102230,2026-04-01,CU2036,20138,Regional Retail Chain,132.6,33.0044,26.7965,28.9868,0.92444,20.3124,1,Won,
Q104554,2026-04-01,CU2036,20068,Regional Retail Chain,517.5,39.0531,33.2031,38.3399,0.86602,18.8816,1,Won,
Q104959,2026-04-01,CU2038,20090,Marketplace Seller,231.1,60.9038,49.1276,62.8133,0.78212,31.5474,1,Won,
Q100839,2026-04-01,CU2039,20221,Marketplace Seller,436.7,11.2498,10.5149,10.6317,0.98902,8.4885,0,Lost,Price
Q104084,2026-04-01,CU2039,20139,Marketplace Seller,224.6,46.8241,37.0155,37.9493,0.97539,28.7684,1,Won,
Q104228,2026-04-01,CU2040,20207,Independent Retailer,43.9,29.7315,26.7046,30.9445,0.86299,20.5587,1,Won,
Q100739,2026-04-01,CU2041,20021,Sub-Distributor,1279.6,44.6055,37.5168,39.4031,0.95213,28.811,0,Lost,Price
Q103205,2026-04-01,CU2044,20191,Corporate & B2B Buyer,431.4,39.6887,36.2002,32.7904,1.10399,22.7317,0,Lost,Lead time
Q103722,2026-04-01,CU2044,20199,Corporate & B2B Buyer,509.3,35.022,31.5485,30.9848,1.01819,25.4054,1,Won,
Q104892,2026-04-01,CU2045,20022,Subscription Box Operator,525.8,45.8218,42.5062,43.7112,0.97243,39.0171,0,Lost,Specification
Q105039,2026-04-01,CU2045,20119,Subscription Box Operator,73.1,16.7232,14.6196,15.7039,0.93096,8.511,1,Won,
Q100961,2026-04-01,CU2046,20208,Marketplace Seller,643.4,61.8043,51.2283,63.4571,0.80729,34.2606,1,Won,
Q100355,2026-04-01,CU2048,20114,E-commerce Pure-Play,1222.7,27.8478,26.8547,26.203,1.02487,19.1819,0,Lost,Lead time
Q102032,2026-04-01,CU2049,20233,Independent Retailer,235.9,16.3527,14.4189,16.1362,0.89357,11.4659,1,Won,
Q102301,2026-04-01,CU2052,20042,Marketplace Seller,104.0,15.4798,13.7258,16.1233,0.8513,9.6739,1,Won,
Q105268,2026-04-01,CU2054,20178,Marketplace Seller,269.1,14.2666,11.2442,11.5746,0.97146,10.1686,0,Lost,Price
Q105511,2026-04-01,CU2054,20168,Marketplace Seller,156.4,125.2574,109.8418,121.8575,0.9014,83.9285,0,Lost,Specification
Q101458,2026-04-01,CU2055,20169,Marketplace Seller,486.9,24.7082,18.7062,22.8893,0.81724,15.4786,1,Won,
Q101937,2026-04-01,CU2055,20029,Marketplace Seller,407.6,75.3392,70.3807,62.882,1.11925,27.8279,0,Lost,Price
Q105292,2026-04-01,CU2058,20176,Corporate & B2B Buyer,459.1,27.8072,26.9221,27.5279,0.97799,14.8159,0,Lost,Lead time
Q104326,2026-04-01,CU2061,20132,Marketplace Seller,1865.5,31.1731,25.3173,29.0631,0.87111,20.7244,0,Lost,Price
Q103929,2026-04-01,CU2068,20074,E-commerce Pure-Play,430.1,20.2118,19.5913,20.9566,0.93485,13.1721,1,Won,
Q104246,2026-04-01,CU2068,20125,E-commerce Pure-Play,590.0,76.8718,73.6069,74.1655,0.99247,24.4581,1,Won,
Q105022,2026-04-01,CU2068,20009,E-commerce Pure-Play,127.6,32.5708,25.6012,33.1694,0.77183,13.9131,1,Won,
Q105064,2026-04-01,CU2069,20119,E-commerce Pure-Play,629.2,16.7232,13.7143,15.427,0.88898,8.511,1,Won,
Q103657,2026-04-01,CU2072,20141,Marketplace Seller,664.6,35.2781,34.0333,29.5133,1.15315,15.8143,0,Lost,Specification
Q101147,2026-04-01,CU2074,20099,Corporate & B2B Buyer,36.1,12.6296,10.6699,12.4194,0.85913,8.2563,0,Lost,Price
Q102588,2026-04-01,CU2074,20200,Corporate & B2B Buyer,61.9,46.6764,46.678,37.5916,1.24171,35.6746,0,Lost,Price
Q103123,2026-04-01,CU2074,20185,Corporate & B2B Buyer,137.0,65.3695,62.9857,62.3089,1.01086,52.5961,0,Lost,Price
Q100683,2026-04-01,CU2075,20194,Independent Retailer,60.1,34.7971,30.7372,33.3554,0.92151,25.361,1,Won,
Q103632,2026-04-01,CU2075,20222,Independent Retailer,916.5,37.1824,31.7692,37.4676,0.84791,23.32,1,Won,
Q101246,2026-04-01,CU2076,20133,Government & Education,483.7,13.8797,10.5556,13.3133,0.79286,11.2805,1,Won,
Q104193,2026-04-01,CU2078,20099,E-commerce Pure-Play,93.3,12.6296,11.985,11.4916,1.04293,8.2563,1,Won,
Q102361,2026-04-01,CU2079,20008,Marketplace Seller,297.3,21.2885,19.0377,18.0407,1.05527,14.3158,1,Won,
Q105528,2026-04-01,CU2079,20165,Marketplace Seller,678.1,37.3049,34.9169,32.1575,1.08581,22.6083,0,Lost,Price
Q103788,2026-04-01,CU2080,20027,Government & Education,323.9,91.8668,86.7153,86.893,0.99796,56.8362,1,Won,
Q102806,2026-04-01,CU2081,20095,Regional Retail Chain,229.2,32.4613,24.4422,32.831,0.74449,19.1499,1,Won,
Q101895,2026-04-01,CU2082,20213,E-commerce Pure-Play,722.0,58.2245,53.4585,49.3398,1.08348,30.8307,0,Lost,Incumbent supplier
Q102246,2026-04-01,CU2082,20103,E-commerce Pure-Play,754.1,54.4089,50.214,55.3674,0.90692,26.7444,1,Won,
Q101204,2026-04-01,CU2084,20093,Marketplace Seller,331.9,79.7317,64.0896,65.6755,0.97585,51.6265,0,Lost,Price
Q105174,2026-04-01,CU2084,20026,Marketplace Seller,591.1,11.3971,9.9033,9.7952,1.01103,9.1658,0,Lost,Price
Q100273,2026-04-01,CU2085,20125,Government & Education,578.6,76.8718,67.0873,63.5603,1.05549,24.4581,0,Lost,Specification
Q104263,2026-04-01,CU2086,20008,Marketplace Seller,271.9,21.2885,17.0131,22.47,0.75715,14.3158,1,Won,
Q101053,2026-04-01,CU2087,20120,Sub-Distributor,183.6,9.5819,8.4915,7.7816,1.09123,6.3684,0,Lost,Price
Q102756,2026-04-01,CU2088,20003,Independent Retailer,278.2,29.2913,25.9426,28.895,0.89783,20.754,1,Won,
Q103717,2026-04-01,CU2088,20008,Independent Retailer,174.0,21.2885,17.9222,20.472,0.87545,14.3158,1,Won,
Q104504,2026-04-01,CU2089,20158,Marketplace Seller,161.7,37.6985,31.6967,36.6049,0.86591,25.7567,0,Lost,Specification
Q103276,2026-04-01,CU2093,20107,Independent Retailer,200.6,13.8831,11.8442,14.3198,0.82712,10.0084,0,Lost,Incumbent supplier
Q103840,2026-04-01,CU2093,20086,Independent Retailer,706.0,18.4235,13.8096,17.7842,0.77651,8.4613,1,Won,
Q100860,2026-04-01,CU2094,20041,Regional Retail Chain,644.6,26.4348,23.8734,24.0788,0.99147,15.2342,0,Lost,Price
Q102999,2026-04-01,CU2094,20034,Regional Retail Chain,142.2,20.4078,15.5066,20.6421,0.75121,10.8768,1,Won,
Q105433,2026-04-01,CU2094,20134,Regional Retail Chain,627.4,46.5461,34.8922,44.7524,0.77967,19.3187,1,Won,
Q101018,2026-04-01,CU2097,20090,Subscription Box Operator,313.9,60.9038,42.0672,55.8085,0.75378,31.5474,1,Won,
Q102780,2026-04-01,CU2097,20102,Subscription Box Operator,264.4,13.9178,13.1287,13.9,0.94451,7.1347,0,Lost,Price
Q101522,2026-04-01,CU2098,20105,Subscription Box Operator,277.1,20.3704,20.625,17.296,1.19247,11.8145,0,Lost,Incumbent supplier
Q101927,2026-04-01,CU2098,20187,Subscription Box Operator,149.4,33.7778,30.7397,32.2646,0.95274,17.1267,0,Lost,Price
Q101949,2026-04-01,CU2099,20099,E-commerce Pure-Play,1822.4,12.6296,9.9841,10.3665,0.96311,8.2563,0,Lost,Price
Q103008,2026-04-01,CU2099,20009,E-commerce Pure-Play,218.6,32.5708,29.1499,28.8628,1.00995,13.9131,0,Lost,Specification
Q103504,2026-04-01,CU2099,20106,E-commerce Pure-Play,295.3,17.7044,18.0585,16.8931,1.06898,12.6669,0,Lost,Specification
Q101849,2026-04-01,CU2101,20049,Independent Retailer,75.0,45.4116,42.7272,40.8728,1.04537,34.0251,0,Lost,Incumbent supplier
Q103882,2026-04-01,CU2101,20143,Independent Retailer,1953.9,15.5267,13.1636,15.232,0.8642,11.0836,1,Won,
Q104017,2026-04-01,CU2101,20170,Independent Retailer,435.4,47.5117,40.7138,43.3121,0.94001,16.5702,0,Lost,Specification
Q101753,2026-04-01,CU2102,20063,Sub-Distributor,226.6,33.0574,26.9975,28.8575,0.93554,18.3917,1,Won,
Q102803,2026-04-01,CU2102,20134,Sub-Distributor,867.3,46.5461,46.545,49.0304,0.94931,19.3187,1,Won,
Q100478,2026-04-01,CU2103,20204,Marketplace Seller,460.0,55.6615,53.2901,56.5497,0.94236,28.3925,0,Lost,Price
Q102468,2026-04-01,CU2104,20218,Corporate & B2B Buyer,897.0,16.6363,16.0061,13.7353,1.16533,9.9855,0,Lost,Lead time
Q100771,2026-04-01,CU2106,20046,Sub-Distributor,67.9,66.1624,54.3881,69.3252,0.78454,44.8549,1,Won,
Q101790,2026-04-01,CU2106,20161,Sub-Distributor,502.3,54.1835,42.9335,51.4062,0.83518,45.6067,1,Won,
Q100095,2026-04-01,CU2107,20153,E-commerce Pure-Play,1416.1,23.254,20.0105,23.3335,0.85759,19.1612,0,Lost,Price
Q103102,2026-04-01,CU2108,20062,Sub-Distributor,715.2,65.79,58.6151,52.8928,1.10819,41.0059,0,Lost,Price
Q104993,2026-04-01,CU2109,20027,Subscription Box Operator,909.1,91.8668,77.5135,94.6724,0.81875,56.8362,1,Won,
Q104866,2026-04-01,CU2110,20224,Independent Retailer,1073.0,14.7344,12.2932,13.2534,0.92755,12.7913,0,Lost,Price
Q103154,2026-04-01,CU2111,20027,Independent Retailer,258.1,91.8668,85.3029,90.2372,0.94532,56.8362,1,Won,
Q100206,2026-04-01,CU2112,20072,Government & Education,164.1,19.4974,16.5168,19.5742,0.84381,13.2644,1,Won,
Q101468,2026-04-01,CU2113,20098,Independent Retailer,185.2,39.5264,30.4845,32.4293,0.94003,16.7431,1,Won,
Q101938,2026-04-01,CU2113,20103,Independent Retailer,750.0,54.4089,47.7545,49.8091,0.95875,26.7444,1,Won,
Q103769,2026-04-01,CU2113,20006,Independent Retailer,117.0,39.9216,37.1127,41.681,0.8904,20.3464,1,Won,
Q103288,2026-04-01,CU2114,20018,Corporate & B2B Buyer,149.9,83.3453,83.032,68.65,1.2095,33.1203,0,Lost,Incumbent supplier
Q103954,2026-04-01,CU2114,20204,Corporate & B2B Buyer,99.9,55.6615,50.0619,51.7274,0.9678,28.3925,0,Lost,Lead time
Q104113,2026-04-01,CU2120,20191,Independent Retailer,275.0,39.6887,37.6854,38.644,0.97519,22.7317,0,Lost,Incumbent supplier
Q100663,2026-04-01,CU2121,20099,Corporate & B2B Buyer,494.3,12.6296,9.226,11.486,0.80324,8.2563,1,Won,
Q103648,2026-04-01,CU2122,20149,Marketplace Seller,274.5,43.3886,39.4256,40.9996,0.96161,31.8432,0,Lost,Price
Q104288,2026-04-01,CU2122,20168,Marketplace Seller,621.4,125.2574,106.7353,125.8378,0.8482,83.9285,1,Won,
Q101992,2026-04-01,CU2123,20106,Independent Retailer,443.9,17.7044,17.4369,14.3981,1.21105,12.6669,0,Lost,Price
Q103506,2026-04-01,CU2123,20108,Independent Retailer,259.7,24.8228,24.6347,24.8534,0.9912,10.388,0,Lost,Price
Q100509,2026-04-01,CU2125,20010,Marketplace Seller,909.4,48.9022,47.8064,48.341,0.98894,35.0496,0,Lost,Price
Q102511,2026-04-01,CU2125,20136,Marketplace Seller,795.5,15.5559,15.1513,15.1647,0.99911,10.2641,0,Lost,Price
Q102175,2026-04-01,CU2126,20132,Marketplace Seller,153.3,31.1731,28.719,28.6588,1.0021,20.7244,0,Lost,Specification
Q101749,2026-04-01,CU2128,20010,Marketplace Seller,129.3,48.9022,42.8672,42.4292,1.01032,35.0496,1,Won,
Q102499,2026-04-01,CU2130,20002,Corporate & B2B Buyer,392.7,52.678,46.0602,47.5361,0.96895,32.6504,0,Lost,Price
Q100093,2026-04-01,CU2132,20225,Subscription Box Operator,265.6,47.4766,42.7436,43.4885,0.98287,24.1318,1,Won,
Q102793,2026-04-01,CU2132,20095,Subscription Box Operator,78.6,32.4613,30.3231,33.1868,0.91371,19.1499,1,Won,
Q100667,2026-04-01,CU2136,20055,Government & Education,760.2,17.5617,16.6323,15.1381,1.0987,7.582,0,Lost,Specification
Q100700,2026-04-01,CU2136,20006,Government & Education,589.5,39.9216,33.651,42.1827,0.79775,20.3464,1,Won,
Q100915,2026-04-01,CU2136,20122,Government & Education,71.1,34.14,30.104,35.0112,0.85984,17.5105,1,Won,
Q103241,2026-04-01,CU2136,20066,Government & Education,166.7,15.0785,12.4058,12.3569,1.00396,6.8136,0,Lost,Specification
Q101708,2026-04-01,CU2138,20085,Marketplace Seller,1198.0,20.9339,19.5923,18.6494,1.05056,8.7065,0,Lost,Lead time
Q102261,2026-04-01,CU2140,20012,Subscription Box Operator,670.9,16.7165,14.4351,14.2416,1.01358,6.1079,1,Won,
Q105492,2026-04-01,CU2144,20165,Marketplace Seller,135.5,37.3049,32.1303,36.5237,0.87971,22.6083,1,Won,
Q103911,2026-04-01,CU2146,20226,E-commerce Pure-Play,120.8,40.8167,36.1288,40.1812,0.89915,12.996,1,Won,
Q105123,2026-04-01,CU2146,20218,E-commerce Pure-Play,611.1,16.6363,14.3104,16.71,0.85639,9.9855,1,Won,
Q102832,2026-04-01,CU2147,20054,Marketplace Seller,422.2,78.9046,70.2605,76.0276,0.92415,40.502,0,Lost,Specification
Q105450,2026-04-01,CU2147,20109,Marketplace Seller,115.0,53.6214,45.1105,49.051,0.91967,33.5645,1,Won,
Q101862,2026-04-01,CU2148,20225,Regional Retail Chain,204.4,47.4766,42.3698,41.9041,1.01111,24.1318,0,Lost,Specification
Q102168,2026-05-01,CU2000,20149,Independent Retailer,70.9,43.3886,40.1007,43.5233,0.92136,33.2134,1,Won,
Q103133,2026-05-01,CU2000,20159,Independent Retailer,1565.3,12.4073,12.1294,13.114,0.92492,10.0367,1,Won,
Q100351,2026-05-01,CU2002,20225,Marketplace Seller,593.9,47.4766,41.1984,42.0899,0.97882,24.462,1,Won,
Q100744,2026-05-01,CU2002,20194,Marketplace Seller,275.1,34.7971,26.1432,30.5776,0.85498,24.7023,1,Won,
Q101560,2026-05-01,CU2002,20158,Marketplace Seller,553.2,37.6985,34.7887,36.973,0.94092,25.6143,1,Won,
Q103890,2026-05-01,CU2002,20063,Marketplace Seller,999.8,33.0574,30.2425,27.6582,1.09344,18.3297,0,Lost,Specification
Q104858,2026-05-01,CU2003,20067,Regional Retail Chain,1059.4,24.1594,21.8594,20.9875,1.04154,14.3596,1,Won,
Q104748,2026-05-01,CU2006,20199,Independent Retailer,220.8,35.022,31.9384,34.3658,0.92937,25.8888,1,Won,
Q101267,2026-05-01,CU2007,20175,Sub-Distributor,747.3,39.547,33.9702,36.5851,0.92852,21.8691,1,Won,
Q103214,2026-05-01,CU2007,20209,Sub-Distributor,311.7,47.3384,40.8287,45.9989,0.8876,26.5774,1,Won,
Q103206,2026-05-01,CU2008,20169,Independent Retailer,796.4,24.7082,21.9856,22.9913,0.95626,16.0802,1,Won,
Q103687,2026-05-01,CU2008,20213,Independent Retailer,280.2,58.2245,49.2926,58.3628,0.84459,30.7047,0,Lost,Price
Q104637,2026-05-01,CU2008,20088,Independent Retailer,843.9,48.4515,40.4272,46.5823,0.86787,25.418,0,Lost,Price
Q101684,2026-05-01,CU2009,20179,Marketplace Seller,901.1,113.2885,98.2428,100.2035,0.98043,61.5054,1,Won,
Q104245,2026-05-01,CU2009,20116,Marketplace Seller,312.0,44.321,32.6537,45.0273,0.7252,16.1898,1,Won,
Q102138,2026-05-01,CU2011,20175,Regional Retail Chain,280.8,39.547,35.0094,35.5515,0.98475,21.8691,1,Won,
Q102276,2026-05-01,CU2011,20014,Regional Retail Chain,256.6,39.136,37.7812,38.0729,0.99234,17.5604,0,Lost,Specification
Q102993,2026-05-01,CU2013,20233,Independent Retailer,736.0,16.1104,14.022,16.7136,0.83896,12.1035,0,Lost,Lead time
Q103151,2026-05-01,CU2013,20117,Independent Retailer,762.3,54.6112,42.378,50.896,0.83264,17.6344,1,Won,
Q100136,2026-05-01,CU2014,20076,Marketplace Seller,94.3,29.5374,21.2566,25.3082,0.83991,13.1815,1,Won,
Q103452,2026-05-01,CU2014,20230,Marketplace Seller,987.1,84.6095,63.5538,69.9062,0.90913,61.1232,1,Won,
Q101957,2026-05-01,CU2015,20226,Corporate & B2B Buyer,409.2,40.2716,36.7579,40.2815,0.91253,12.6667,0,Lost,Price
Q103640,2026-05-01,CU2015,20000,Corporate & B2B Buyer,2574.3,52.2297,46.7878,49.2962,0.94911,32.3317,0,Lost,Incumbent supplier
Q101473,2026-05-01,CU2016,20170,Corporate & B2B Buyer,62.3,47.5117,43.3872,41.1217,1.05509,16.5807,1,Won,
Q104694,2026-05-01,CU2016,20191,Corporate & B2B Buyer,501.3,41.9389,33.1076,36.2644,0.91295,23.4037,0,Lost,Incumbent supplier
Q101954,2026-05-01,CU2017,20216,Government & Education,145.7,22.2838,17.9742,23.4732,0.76573,15.5609,0,Lost,Specification
Q102802,2026-05-01,CU2017,20221,Government & Education,219.0,11.2498,11.2403,9.7622,1.15142,9.02,0,Lost,Incumbent supplier
Q101859,2026-05-01,CU2020,20186,Marketplace Seller,664.7,56.6822,47.0821,48.068,0.97949,32.2362,0,Lost,Price
Q103883,2026-05-01,CU2021,20233,Corporate & B2B Buyer,340.7,16.1104,14.4135,16.4584,0.87575,12.1035,1,Won,
Q102743,2026-05-01,CU2022,20149,Regional Retail Chain,325.2,43.3886,34.7299,45.2925,0.76679,33.2134,0,Lost,Price
Q104107,2026-05-01,CU2022,20044,Regional Retail Chain,586.2,17.6406,17.0781,17.8783,0.95524,14.0256,0,Lost,Price
Q103793,2026-05-01,CU2023,20089,E-commerce Pure-Play,513.1,92.8851,94.7428,77.0326,1.22991,53.1157,0,Lost,Specification
Q101292,2026-05-01,CU2025,20051,E-commerce Pure-Play,571.7,22.0294,19.9117,19.9174,0.99971,15.5715,1,Won,
Q103616,2026-05-01,CU2025,20210,E-commerce Pure-Play,191.4,41.4339,36.1691,38.2551,0.94547,19.2708,1,Won,
Q101297,2026-05-01,CU2026,20055,Marketplace Seller,224.4,17.5617,16.4302,17.2942,0.95004,7.8988,1,Won,
Q100430,2026-05-01,CU2027,20157,Marketplace Seller,199.6,20.666,19.1409,17.0755,1.12096,13.4491,0,Lost,Lead time
Q102141,2026-05-01,CU2027,20234,Marketplace Seller,79.9,57.5202,52.5999,51.4573,1.02221,28.6841,0,Lost,Price
Q104219,2026-05-01,CU2028,20024,Independent Retailer,342.1,53.9545,48.2469,54.487,0.88548,33.901,1,Won,
Q100737,2026-05-01,CU2029,20146,Independent Retailer,499.5,6.0751,5.285,6.3243,0.83567,4.9388,1,Won,
Q101447,2026-05-01,CU2029,20080,Independent Retailer,506.4,49.5575,40.4723,44.2904,0.9138,20.944,1,Won,
Q100489,2026-05-01,CU2034,20113,Marketplace Seller,21.0,27.0835,26.0107,22.7656,1.14254,19.0212,0,Lost,Price
Q103679,2026-05-01,CU2034,20159,Marketplace Seller,818.1,12.4073,11.2709,11.3154,0.99606,10.0367,0,Lost,Lead time
Q104806,2026-05-01,CU2034,20054,Marketplace Seller,414.0,78.9046,71.9262,82.1742,0.87529,40.3533,1,Won,
Q101401,2026-05-01,CU2036,20236,Regional Retail Chain,1959.3,113.2633,94.9843,97.7379,0.97183,64.9424,0,Lost,Price
Q102330,2026-05-01,CU2036,20111,Regional Retail Chain,39.0,22.7915,18.7822,21.831,0.86035,19.157,1,Won,
Q104321,2026-05-01,CU2036,20166,Regional Retail Chain,255.3,12.465,10.0086,10.7217,0.93349,9.3098,0,Lost,Lead time
Q105059,2026-05-01,CU2036,20042,Regional Retail Chain,177.9,14.9032,11.4453,15.6166,0.73289,9.4286,1,Won,
Q100400,2026-05-01,CU2038,20179,Marketplace Seller,1877.4,113.2885,96.5147,101.4974,0.95091,61.5054,1,Won,
Q101035,2026-05-01,CU2038,20152,Marketplace Seller,1033.5,36.334,30.3843,32.3857,0.9382,26.0776,1,Won,
Q101070,2026-05-01,CU2039,20059,Marketplace Seller,186.6,16.6279,15.3204,16.9761,0.90247,11.9634,1,Won,
Q104725,2026-05-01,CU2039,20022,Marketplace Seller,117.4,45.8218,39.8223,47.88,0.83171,37.9366,1,Won,
Q104848,2026-05-01,CU2039,20200,Marketplace Seller,370.4,47.4293,41.5352,39.16,1.06065,35.0846,0,Lost,Price
Q103958,2026-05-01,CU2041,20105,Sub-Distributor,660.3,20.3704,18.8142,19.1715,0.98136,12.5988,0,Lost,Incumbent supplier
Q100899,2026-05-01,CU2043,20050,Government & Education,603.2,61.4893,52.8508,52.6352,1.0041,17.4893,1,Won,
Q100980,2026-05-01,CU2043,20068,Government & Education,437.3,39.0531,31.3877,39.9287,0.78609,19.1621,0,Lost,Price
Q105289,2026-05-01,CU2043,20075,Government & Education,414.6,27.8218,23.7738,23.0653,1.03072,16.7546,1,Won,
Q105421,2026-05-01,CU2043,20119,Government & Education,342.5,16.7232,15.548,15.9161,0.97687,8.52,0,Lost,Specification
Q100586,2026-05-01,CU2044,20077,Corporate & B2B Buyer,553.3,28.8279,23.8971,24.7853,0.96416,21.8818,0,Lost,Incumbent supplier
Q104379,2026-05-01,CU2044,20003,Corporate & B2B Buyer,542.9,29.2913,27.1438,30.4125,0.89252,21.7884,1,Won,
Q103960,2026-05-01,CU2045,20131,Subscription Box Operator,350.1,5.9699,4.8286,5.021,0.96168,4.6765,1,Won,
Q101254,2026-05-01,CU2046,20082,Marketplace Seller,403.6,63.7838,59.1505,59.6307,0.99195,26.1875,0,Lost,Price
Q101946,2026-05-01,CU2046,20185,Marketplace Seller,95.8,65.3695,56.7105,65.5696,0.86489,52.9833,1,Won,
Q103028,2026-05-01,CU2046,20067,Marketplace Seller,579.6,24.1594,23.1584,19.8348,1.16756,14.3596,0,Lost,Price
Q102253,2026-05-01,CU2052,20036,Marketplace Seller,1140.3,66.7561,61.1192,62.5981,0.97637,39.909,1,Won,
Q102875,2026-05-01,CU2053,20190,Corporate & B2B Buyer,232.0,12.5312,12.0994,12.7814,0.94664,9.1765,0,Lost,Incumbent supplier
Q103273,2026-05-01,CU2053,20106,Corporate & B2B Buyer,291.4,18.4076,17.1727,15.3928,1.11563,12.872,0,Lost,Price
Q104160,2026-05-01,CU2053,20238,Corporate & B2B Buyer,367.3,11.1412,8.9903,9.5475,0.94164,6.5059,1,Won,
Q104938,2026-05-01,CU2055,20125,Marketplace Seller,1926.8,76.8718,67.3712,79.422,0.84827,24.7075,1,Won,
Q102134,2026-05-01,CU2059,20184,Independent Retailer,533.2,24.8953,21.1379,26.2192,0.8062,20.8941,0,Lost,Price
Q101719,2026-05-01,CU2061,20035,Marketplace Seller,147.0,42.1984,36.8736,35.4055,1.04147,21.9127,0,Lost,Lead time
Q104935,2026-05-01,CU2061,20006,Marketplace Seller,251.8,39.5369,36.2313,33.7976,1.07201,20.714,0,Lost,Specification
Q100315,2026-05-01,CU2063,20233,Sub-Distributor,165.6,16.1104,16.4326,13.2071,1.24423,12.1035,0,Lost,Incumbent supplier
Q101326,2026-05-01,CU2063,20022,Sub-Distributor,2100.6,45.8218,43.4525,41.0313,1.05901,37.9366,0,Lost,Price
Q105178,2026-05-01,CU2063,20081,Sub-Distributor,1371.3,39.4741,36.4877,40.7895,0.89453,20.446,1,Won,
Q102985,2026-05-01,CU2064,20031,Independent Retailer,340.2,41.8966,35.0678,44.3994,0.78983,19.6095,1,Won,
Q104792,2026-05-01,CU2064,20080,Independent Retailer,98.7,49.5575,47.1086,52.1501,0.90333,20.944,0,Lost,Price
Q104371,2026-05-01,CU2065,20040,Government & Education,307.9,57.9169,51.11,49.1351,1.04019,46.7506,0,Lost,Price
Q101917,2026-05-01,CU2066,20135,Corporate & B2B Buyer,481.9,62.627,63.8795,58.905,1.08445,31.4066,0,Lost,Specification
Q102600,2026-05-01,CU2066,20197,Corporate & B2B Buyer,465.2,20.965,16.5504,17.8306,0.9282,13.3667,1,Won,
Q104002,2026-05-01,CU2066,20208,Corporate & B2B Buyer,2286.7,61.8043,56.6358,57.651,0.98239,33.1515,0,Lost,Incumbent supplier
Q100543,2026-05-01,CU2067,20051,Independent Retailer,614.7,22.0294,19.8486,21.3012,0.9318,15.5715,1,Won,
Q103291,2026-05-01,CU2071,20207,Regional Retail Chain,510.5,29.7315,29.2953,29.2092,1.00295,20.3304,0,Lost,Lead time
Q102154,2026-05-01,CU2073,20127,Marketplace Seller,75.5,27.687,25.7328,28.6834,0.89713,20.1992,1,Won,
Q102898,2026-05-01,CU2073,20050,Marketplace Seller,658.7,61.4893,49.7891,55.8235,0.8919,17.4893,1,Won,
Q102498,2026-05-01,CU2074,20056,Corporate & B2B Buyer,636.8,30.6539,29.252,26.5612,1.10131,21.9757,0,Lost,Incumbent supplier
Q101857,2026-05-01,CU2075,20093,Independent Retailer,527.0,79.7317,67.4972,78.0868,0.86439,50.8071,0,Lost,Incumbent supplier
Q102783,2026-05-01,CU2076,20186,Government & Education,382.6,56.6822,51.0984,50.4109,1.01364,32.2362,0,Lost,Price
Q104155,2026-05-01,CU2077,20057,Corporate & B2B Buyer,1002.1,99.7335,82.0475,105.4503,0.77807,63.6743,1,Won,
Q105222,2026-05-01,CU2077,20051,Corporate & B2B Buyer,612.0,22.0294,18.1678,18.431,0.98572,15.5715,0,Lost,Lead time
Q102417,2026-05-01,CU2078,20161,E-commerce Pure-Play,603.4,55.5327,41.6341,57.2226,0.72758,46.1067,1,Won,
Q102765,2026-05-01,CU2078,20228,E-commerce Pure-Play,186.8,42.9158,38.1983,37.4665,1.01953,36.243,0,Lost,Price
Q101148,2026-05-01,CU2079,20207,Marketplace Seller,168.4,29.7315,25.993,27.6802,0.93905,20.3304,1,Won,
Q101558,2026-05-01,CU2079,20114,Marketplace Seller,749.0,28.5831,27.688,26.0539,1.06272,19.7877,0,Lost,Price
Q103671,2026-05-01,CU2080,20102,Government & Education,225.2,15.0766,13.051,15.9724,0.8171,7.1121,0,Lost,Incumbent supplier
Q100546,2026-05-01,CU2081,20223,Regional Retail Chain,487.5,37.4455,31.7526,38.4315,0.82621,26.1512,1,Won,
Q100625,2026-05-01,CU2081,20116,Regional Retail Chain,776.7,44.321,37.9553,42.084,0.90189,16.1898,1,Won,
Q104254,2026-05-01,CU2082,20034,E-commerce Pure-Play,772.6,20.4078,18.5927,21.4175,0.8681,10.9614,1,Won,
Q103232,2026-05-01,CU2086,20238,Marketplace Seller,473.5,11.1412,9.8417,10.0238,0.98183,6.5059,1,Won,
Q104917,2026-05-01,CU2087,20099,Sub-Distributor,788.0,12.6296,11.004,10.907,1.00889,8.4807,0,Lost,Price
Q102951,2026-05-01,CU2090,20192,Sub-Distributor,170.8,22.3688,19.9259,22.3601,0.89114,13.6172,1,Won,
Q105033,2026-05-01,CU2090,20016,Sub-Distributor,234.6,20.8333,19.3008,19.9771,0.96615,12.2851,1,Won,
Q103758,2026-05-01,CU2092,20120,Marketplace Seller,633.9,9.5819,8.5021,8.0057,1.062,6.2814,0,Lost,Price
Q103899,2026-05-01,CU2092,20212,Marketplace Seller,1136.9,14.8229,12.8704,12.7016,1.01328,7.0822,1,Won,
Q104899,2026-05-01,CU2092,20025,Marketplace Seller,930.1,25.7473,23.0764,23.4106,0.98573,16.7157,0,Lost,Specification
Q102611,2026-05-01,CU2093,20183,Independent Retailer,981.0,53.7859,50.2535,49.77,1.00971,39.9245,0,Lost,Specification
Q103805,2026-05-01,CU2096,20022,Marketplace Seller,311.9,45.8218,41.9893,38.876,1.08008,37.9366,1,Won,
Q100987,2026-05-01,CU2098,20227,Subscription Box Operator,552.3,33.4272,28.3032,28.6156,0.98909,23.2788,1,Won,
Q101503,2026-05-01,CU2098,20058,Subscription Box Operator,110.0,35.2445,34.9143,37.2912,0.93626,26.2477,0,Lost,Lead time
Q100159,2026-05-01,CU2099,20094,E-commerce Pure-Play,134.4,49.8162,43.105,52.7696,0.81685,34.9926,0,Lost,Incumbent supplier
Q101709,2026-05-01,CU2100,20092,Independent Retailer,84.8,50.1679,49.9664,51.9296,0.96219,39.5876,0,Lost,Price
Q105417,2026-05-01,CU2100,20171,Independent Retailer,312.5,20.9909,20.0056,18.4023,1.08712,13.6824,1,Won,
Q103613,2026-05-01,CU2101,20225,Independent Retailer,202.6,47.4766,42.4624,47.137,0.90083,24.462,1,Won,
Q102755,2026-05-01,CU2102,20236,Sub-Distributor,288.7,113.2633,95.1122,99.1617,0.95916,64.9424,0,Lost,Lead time
Q105529,2026-05-01,CU2102,20085,Sub-Distributor,106.9,20.9339,18.7197,17.7642,1.05379,8.8206,1,Won,
Q101656,2026-05-01,CU2103,20043,Marketplace Seller,167.1,26.7837,21.7921,27.4561,0.79371,15.4125,0,Lost,Price
Q102763,2026-05-01,CU2103,20028,Marketplace Seller,174.2,58.8591,57.428,56.2662,1.02065,27.0776,0,Lost,Price
Q100738,2026-05-01,CU2104,20027,Corporate & B2B Buyer,194.0,91.8668,89.5065,81.441,1.09904,55.8076,1,Won,
Q102383,2026-05-01,CU2104,20149,Corporate & B2B Buyer,2439.7,43.3886,41.9906,38.822,1.08162,33.2134,0,Lost,Lead time
Q103841,2026-05-01,CU2105,20152,Marketplace Seller,674.5,36.334,34.9478,34.7167,1.00665,26.0776,0,Lost,Price
Q101726,2026-05-01,CU2106,20141,Sub-Distributor,134.3,35.2781,27.4977,28.7183,0.9575,16.8603,1,Won,
Q102638,2026-05-01,CU2106,20170,Sub-Distributor,427.7,47.5117,43.6307,49.2909,0.88517,16.5807,1,Won,
Q105478,2026-05-01,CU2106,20177,Sub-Distributor,189.9,20.0495,15.9012,17.2221,0.9233,12.4779,1,Won,
Q100392,2026-05-01,CU2107,20037,E-commerce Pure-Play,322.7,37.1523,31.6091,39.1252,0.80789,28.2516,1,Won,
Q102984,2026-05-01,CU2107,20093,E-commerce Pure-Play,888.6,79.7317,69.2588,67.2818,1.02938,50.8071,1,Won,
Q105412,2026-05-01,CU2107,20161,E-commerce Pure-Play,1235.4,55.5327,55.7628,49.7516,1.12082,46.1067,0,Lost,Lead time
Q104200,2026-05-01,CU2108,20123,Sub-Distributor,209.5,19.4687,17.8474,19.8803,0.89774,12.092,1,Won,
Q102794,2026-05-01,CU2109,20207,Subscription Box Operator,104.7,29.7315,26.0064,29.5046,0.88144,20.3304,0,Lost,Price
Q102280,2026-05-01,CU2110,20209,Independent Retailer,129.8,47.3384,43.1982,41.3074,1.04578,26.5774,0,Lost,Price
Q104937,2026-05-01,CU2110,20181,Independent Retailer,204.2,31.8526,30.7325,30.0908,1.02133,22.7074,0,Lost,Price
Q101287,2026-05-01,CU2114,20092,Corporate & B2B Buyer,334.9,50.1679,46.6584,40.2896,1.15808,39.5876,0,Lost,Price
Q103366,2026-05-01,CU2114,20087,Corporate & B2B Buyer,456.1,74.7226,61.0875,72.7762,0.83939,43.4548,0,Lost,Price
Q102393,2026-05-01,CU2115,20131,Sub-Distributor,656.2,5.9699,5.003,5.3377,0.93729,4.6765,1,Won,
Q101667,2026-05-01,CU2116,20187,Independent Retailer,260.7,33.7778,31.4146,32.9696,0.95284,16.5386,0,Lost,Specification
Q104394,2026-05-01,CU2116,20164,Independent Retailer,327.2,66.7001,62.0346,68.9273,0.9,47.5726,0,Lost,Specification
Q104763,2026-05-01,CU2116,20186,Independent Retailer,2250.8,56.6822,50.3653,51.0228,0.98711,32.2362,0,Lost,Incumbent supplier
Q101752,2026-05-01,CU2117,20233,Marketplace Seller,1117.5,16.1104,12.4583,16.8527,0.73925,12.1035,1,Won,
Q102188,2026-05-01,CU2117,20199,Marketplace Seller,723.4,35.022,33.5413,33.4856,1.00166,25.8888,0,Lost,Specification
Q101945,2026-05-01,CU2119,20176,Marketplace Seller,359.3,27.6641,24.4265,22.5541,1.08302,15.9233,0,Lost,Lead time
Q103315,2026-05-01,CU2120,20197,Independent Retailer,287.4,20.965,18.5617,20.3903,0.91032,13.3667,0,Lost,Lead time
Q103997,2026-05-01,CU2120,20044,Independent Retailer,149.9,17.6406,15.2501,14.1248,1.07967,14.0256,1,Won,
Q103912,2026-05-01,CU2121,20142,Corporate & B2B Buyer,129.2,52.4514,42.8153,50.4536,0.84861,27.6285,0,Lost,Price
Q102039,2026-05-01,CU2122,20011,Marketplace Seller,607.0,21.2674,19.2504,22.4491,0.85751,16.225,1,Won,
Q103192,2026-05-01,CU2122,20068,Marketplace Seller,99.9,39.0531,35.7082,36.5414,0.9772,19.1621,1,Won,
Q100732,2026-05-01,CU2124,20179,Marketplace Seller,242.2,113.2885,96.7109,107.314,0.90119,61.5054,1,Won,
Q102285,2026-05-01,CU2125,20178,Marketplace Seller,357.6,14.2666,11.0869,13.7908,0.80393,10.3493,1,Won,
Q104306,2026-05-01,CU2126,20114,Marketplace Seller,659.1,28.5831,28.0672,25.5795,1.09726,19.7877,0,Lost,Price
Q105196,2026-05-01,CU2126,20118,Marketplace Seller,146.1,67.6031,62.9629,59.17,1.0641,43.2581,0,Lost,Price
Q102011,2026-05-01,CU2130,20169,Corporate & B2B Buyer,216.5,24.7082,23.3198,25.9585,0.89835,16.0802,1,Won,
Q103915,2026-05-01,CU2130,20047,Corporate & B2B Buyer,1361.3,25.4396,21.1222,24.0528,0.87816,14.2175,1,Won,
Q100662,2026-05-01,CU2131,20233,Regional Retail Chain,1040.7,16.1104,14.9049,16.7982,0.88729,12.1035,0,Lost,Incumbent supplier
Q105378,2026-05-01,CU2131,20169,Regional Retail Chain,344.6,24.7082,23.0176,21.9394,1.04915,16.0802,0,Lost,Lead time
Q105165,2026-05-01,CU2132,20143,Subscription Box Operator,177.5,15.5267,12.0364,12.7744,0.94223,11.5556,1,Won,
Q102349,2026-05-01,CU2137,20082,E-commerce Pure-Play,520.6,63.7838,49.3362,64.7835,0.76156,26.1875,1,Won,
Q101083,2026-05-01,CU2141,20096,Marketplace Seller,269.2,18.8851,15.1144,16.4403,0.91935,13.7639,0,Lost,Specification
Q102779,2026-05-01,CU2141,20082,Marketplace Seller,31.9,63.7838,51.9094,62.3185,0.83297,26.1875,1,Won,
Q103490,2026-05-01,CU2141,20001,Marketplace Seller,137.8,19.9168,16.084,18.715,0.85941,11.4628,1,Won,
Q102477,2026-05-01,CU2142,20097,Marketplace Seller,78.7,21.7804,19.9339,20.6911,0.9634,10.7652,0,Lost,Specification
Q102964,2026-05-01,CU2142,20180,Marketplace Seller,875.1,16.9009,14.7511,15.876,0.92915,11.8774,0,Lost,Price
Q104443,2026-05-01,CU2142,20015,Marketplace Seller,384.9,12.5551,11.1122,11.8672,0.93638,8.8955,1,Won,
Q100573,2026-05-01,CU2143,20074,Sub-Distributor,308.3,20.2118,18.4099,18.7334,0.98273,13.5696,1,Won,
Q101191,2026-05-01,CU2143,20104,Sub-Distributor,71.3,76.3673,71.2271,78.0756,0.91228,54.9101,1,Won,
Q102532,2026-05-01,CU2143,20036,Sub-Distributor,2781.1,66.7561,66.3208,56.7212,1.16924,39.909,0,Lost,Specification
Q105185,2026-05-01,CU2143,20138,Sub-Distributor,237.0,33.0044,27.7936,34.4777,0.80613,20.3846,1,Won,
Q103492,2026-05-01,CU2144,20186,Marketplace Seller,140.8,56.6822,49.902,57.9065,0.86177,32.2362,1,Won,
Q102258,2026-05-01,CU2146,20067,E-commerce Pure-Play,429.7,24.1594,20.5502,22.4881,0.91382,14.3596,1,Won,
Q100440,2026-05-01,CU2147,20037,Marketplace Seller,335.5,37.1523,33.5871,34.9171,0.96191,28.2516,1,Won,
Q101743,2026-05-01,CU2149,20077,Corporate & B2B Buyer,839.0,28.8279,23.8092,30.06,0.79206,21.8818,0,Lost,Incumbent supplier
Q101805,2026-05-01,CU2149,20183,Corporate & B2B Buyer,1560.6,53.7859,45.3506,43.2996,1.04737,39.9245,1,Won,
Q103512,2026-05-01,CU2149,20067,Corporate & B2B Buyer,529.2,24.1594,23.6207,23.3645,1.01097,14.3596,0,Lost,Specification
Q104239,2026-06-01,CU2003,20186,Regional Retail Chain,53.8,56.6822,48.7713,45.4492,1.0731,32.6076,0,Lost,Specification
Q100085,2026-06-01,CU2004,20179,Independent Retailer,53.4,113.2885,100.9324,97.2891,1.03745,64.3909,0,Lost,Price
Q101824,2026-06-01,CU2004,20048,Independent Retailer,445.8,108.0447,95.0892,92.4533,1.02851,90.0938,0,Lost,Price
Q104147,2026-06-01,CU2004,20001,Independent Retailer,163.6,19.9168,15.5509,16.6392,0.93459,11.3495,0,Lost,Price
Q105070,2026-06-01,CU2005,20058,Independent Retailer,565.4,35.2445,28.0088,36.9981,0.75704,26.3491,1,Won,
Q104046,2026-06-01,CU2006,20218,Independent Retailer,261.2,16.6363,13.2192,14.0838,0.93861,10.2116,1,Won,
Q104603,2026-06-01,CU2006,20026,Independent Retailer,65.2,12.7349,10.3317,11.0605,0.9341,9.7312,0,Lost,Incumbent supplier
Q101431,2026-06-01,CU2007,20005,Sub-Distributor,1203.8,37.8386,32.8456,37.0079,0.88753,17.4359,1,Won,
Q104190,2026-06-01,CU2008,20101,Independent Retailer,389.7,34.0418,31.8805,33.8932,0.94062,27.5186,1,Won,
Q102569,2026-06-01,CU2009,20022,Marketplace Seller,1514.4,46.3595,38.6723,47.3423,0.81687,37.5766,1,Won,
Q102917,2026-06-01,CU2009,20020,Marketplace Seller,258.7,74.8206,72.3727,75.459,0.9591,36.2619,0,Lost,Price
Q103676,2026-06-01,CU2010,20038,Sub-Distributor,50.6,27.2668,21.6905,24.0281,0.90271,21.8497,0,Lost,Incumbent supplier
Q100658,2026-06-01,CU2011,20055,Regional Retail Chain,1710.5,17.5617,16.5977,16.4255,1.01048,8.4772,0,Lost,Incumbent supplier
Q103860,2026-06-01,CU2012,20043,Government & Education,409.1,26.7837,26.5997,25.4973,1.04324,15.3437,1,Won,
Q103280,2026-06-01,CU2014,20017,Marketplace Seller,207.2,23.7358,19.9465,23.5976,0.84528,13.051,1,Won,
Q101036,2026-06-01,CU2017,20018,Government & Education,136.9,83.3453,76.9828,70.2215,1.09629,34.2408,1,Won,
Q103748,2026-06-01,CU2019,20203,E-commerce Pure-Play,379.4,22.6914,18.4749,18.6516,0.99053,13.7639,0,Lost,Price
Q103962,2026-06-01,CU2019,20004,E-commerce Pure-Play,901.8,28.2149,23.9623,26.5612,0.90215,19.027,1,Won,
Q104778,2026-06-01,CU2020,20040,Marketplace Seller,263.0,57.9169,57.0256,53.0745,1.07444,45.4556,0,Lost,Price
Q104845,2026-06-01,CU2021,20116,Corporate & B2B Buyer,512.6,45.8931,39.8308,46.4695,0.85714,16.168,0,Lost,Price
Q101611,2026-06-01,CU2023,20235,E-commerce Pure-Play,560.3,28.0401,23.3942,28.2048,0.82944,19.0927,1,Won,
Q101934,2026-06-01,CU2023,20202,E-commerce Pure-Play,252.4,104.2581,88.2597,100.6061,0.87728,55.8027,1,Won,
Q105162,2026-06-01,CU2028,20094,Independent Retailer,416.4,49.8162,44.5935,39.9664,1.11577,35.2486,0,Lost,Specification
Q105474,2026-06-01,CU2028,20187,Independent Retailer,194.8,35.4917,32.1675,30.1805,1.06584,15.3666,1,Won,
Q101390,2026-06-01,CU2029,20118,Independent Retailer,1258.4,67.6031,66.1633,56.823,1.16437,41.1551,0,Lost,Lead time
Q104348,2026-06-01,CU2029,20157,Independent Retailer,71.1,20.666,19.4794,17.3103,1.1253,13.3615,0,Lost,Lead time
Q100042,2026-06-01,CU2030,20059,Independent Retailer,157.3,16.6279,14.2997,14.9388,0.95722,12.2069,0,Lost,Price
Q103554,2026-06-01,CU2031,20031,Corporate & B2B Buyer,230.9,41.8966,39.4223,44.0193,0.89557,19.1685,1,Won,
Q103038,2026-06-01,CU2034,20130,Marketplace Seller,960.4,33.1967,29.6164,29.6774,0.99795,21.0486,1,Won,
Q104666,2026-06-01,CU2034,20084,Marketplace Seller,337.9,21.9809,17.5388,22.5845,0.77659,8.5711,1,Won,
Q104628,2026-06-01,CU2036,20093,Regional Retail Chain,637.5,79.7317,75.1558,74.396,1.01021,48.4078,1,Won,
Q102293,2026-06-01,CU2037,20217,Marketplace Seller,838.1,21.1726,18.5584,22.2429,0.83435,15.547,1,Won,
Q103347,2026-06-01,CU2037,20094,Marketplace Seller,319.7,49.8162,46.8103,50.5525,0.92597,35.2486,0,Lost,Incumbent supplier
Q103565,2026-06-01,CU2037,20040,Marketplace Seller,265.0,57.9169,52.2032,59.2213,0.88149,45.4556,1,Won,
Q103441,2026-06-01,CU2038,20041,Marketplace Seller,117.5,25.6223,23.4882,26.7481,0.87813,15.0764,0,Lost,Incumbent supplier
Q100045,2026-06-01,CU2040,20038,Independent Retailer,1222.0,27.2668,23.8968,22.7323,1.05123,21.8497,1,Won,
Q100058,2026-06-01,CU2040,20059,Independent Retailer,1296.5,16.6279,16.4083,13.5776,1.20849,12.2069,0,Lost,Price
Q100027,2026-06-01,CU2041,20136,Sub-Distributor,620.8,15.5559,11.297,15.555,0.72626,10.188,1,Won,
Q100577,2026-06-01,CU2041,20190,Sub-Distributor,763.8,13.2305,10.928,10.6106,1.02991,9.7313,1,Won,
Q100916,2026-06-01,CU2041,20113,Sub-Distributor,319.2,27.0835,23.0665,26.6132,0.86673,18.8122,1,Won,
Q102642,2026-06-01,CU2043,20220,Government & Education,155.3,80.0931,75.1688,84.0579,0.89425,47.6113,1,Won,
Q103058,2026-06-01,CU2043,20212,Government & Education,401.6,15.6873,12.8666,13.3206,0.96592,7.1063,1,Won,
Q104897,2026-06-01,CU2043,20192,Government & Education,93.1,22.3688,18.2504,18.1522,1.00541,13.1612,1,Won,
Q105396,2026-06-01,CU2044,20159,Corporate & B2B Buyer,119.1,12.4073,9.5862,13.1092,0.73125,10.5814,1,Won,
Q100408,2026-06-01,CU2047,20033,Corporate & B2B Buyer,780.8,25.1462,19.6579,22.8003,0.86218,20.1986,0,Lost,Price
Q101725,2026-06-01,CU2047,20209,Corporate & B2B Buyer,269.3,47.3384,44.1993,45.288,0.97596,27.6246,1,Won,
Q103567,2026-06-01,CU2049,20105,Independent Retailer,127.7,20.3704,18.4686,16.845,1.09638,13.3027,1,Won,
Q102762,2026-06-01,CU2050,20002,Marketplace Seller,339.1,52.678,46.3562,48.4449,0.95688,33.4763,1,Won,
Q101626,2026-06-01,CU2051,20150,Subscription Box Operator,287.7,26.4768,18.7052,25.8267,0.72426,17.0901,1,Won,
Q100746,2026-06-01,CU2053,20093,Corporate & B2B Buyer,82.9,79.7317,73.3484,72.6222,1.01,48.4078,1,Won,
Q105176,2026-06-01,CU2053,20123,Corporate & B2B Buyer,427.5,19.4687,18.3577,17.3464,1.05831,12.4584,0,Lost,Incumbent supplier
Q101157,2026-06-01,CU2054,20018,Marketplace Seller,343.3,83.3453,71.7027,76.9518,0.93179,34.2408,0,Lost,Specification
Q101165,2026-06-01,CU2054,20014,Marketplace Seller,832.9,38.8396,34.3986,40.1851,0.856,18.9363,0,Lost,Specification
Q103020,2026-06-01,CU2054,20017,Marketplace Seller,65.7,23.7358,21.742,24.4726,0.88842,13.051,1,Won,
Q105585,2026-06-01,CU2054,20165,Marketplace Seller,704.8,37.3049,29.5251,37.8593,0.77986,24.5452,1,Won,
Q102723,2026-06-01,CU2055,20234,Marketplace Seller,1150.6,57.5202,56.0227,53.6061,1.04508,27.3722,0,Lost,Price
Q104277,2026-06-01,CU2055,20129,Marketplace Seller,549.5,57.3224,48.2253,54.7052,0.88155,30.466,1,Won,
Q103400,2026-06-01,CU2056,20090,Regional Retail Chain,621.7,64.639,56.7872,59.3966,0.95607,32.6544,1,Won,
Q103623,2026-06-01,CU2057,20061,Subscription Box Operator,532.6,66.7052,58.3441,54.6175,1.06823,34.9401,1,Won,
Q102244,2026-06-01,CU2058,20103,Corporate & B2B Buyer,56.8,54.4089,45.7738,50.2691,0.91058,28.402,0,Lost,Specification
Q100013,2026-06-01,CU2060,20116,Subscription Box Operator,137.3,45.8931,41.26,45.1039,0.91478,16.168,1,Won,
Q100906,2026-06-01,CU2060,20214,Subscription Box Operator,286.7,16.0618,16.383,15.0203,1.09072,8.5259,1,Won,
Q102370,2026-06-01,CU2060,20233,Subscription Box Operator,382.7,16.1104,16.002,14.7622,1.08398,12.7809,0,Lost,Price
Q105522,2026-06-01,CU2060,20117,Subscription Box Operator,58.7,54.6112,50.7226,54.0782,0.93795,18.7924,1,Won,
Q100540,2026-06-01,CU2061,20026,Marketplace Seller,318.2,12.7349,12.9626,10.268,1.26243,9.7312,0,Lost,Price
Q101001,2026-06-01,CU2061,20102,Marketplace Seller,144.1,15.0766,13.179,14.6843,0.89749,7.3964,1,Won,
Q102309,2026-06-01,CU2061,20177,Marketplace Seller,840.3,20.0495,16.2122,20.7724,0.78047,13.3776,0,Lost,Specification
Q104643,2026-06-01,CU2061,20081,Marketplace Seller,748.4,39.4741,35.0683,39.6623,0.88417,22.12,1,Won,
Q102540,2026-06-01,CU2062,20120,Independent Retailer,474.7,10.2924,8.8216,10.4407,0.84492,6.3209,0,Lost,Specification
Q103367,2026-06-01,CU2062,20192,Independent Retailer,225.2,22.3688,20.1672,19.7607,1.02057,13.1612,0,Lost,Incumbent supplier
Q104852,2026-06-01,CU2062,20185,Independent Retailer,994.2,65.3695,54.7105,58.4012,0.9368,55.2908,0,Lost,Price
Q103098,2026-06-01,CU2063,20196,Sub-Distributor,254.1,34.4166,27.3321,32.4503,0.84228,28.7729,1,Won,
Q100708,2026-06-01,CU2064,20045,Independent Retailer,403.2,43.9034,37.5318,42.0239,0.89311,27.0492,1,Won,
Q101765,2026-06-01,CU2064,20083,Independent Retailer,149.9,35.4931,31.7938,35.5145,0.89523,23.6322,1,Won,
Q101251,2026-06-01,CU2066,20015,Corporate & B2B Buyer,306.2,12.442,10.949,10.8868,1.00571,8.7628,1,Won,
Q105251,2026-06-01,CU2069,20165,E-commerce Pure-Play,73.4,37.3049,32.0412,30.0445,1.06646,24.5452,1,Won,
Q100599,2026-06-01,CU2070,20141,Marketplace Seller,1416.1,35.2781,31.477,28.9868,1.08591,17.3302,0,Lost,Incumbent supplier
Q101336,2026-06-01,CU2070,20162,Marketplace Seller,247.2,31.47,30.5646,31.7283,0.96332,13.2046,1,Won,
Q102324,2026-06-01,CU2070,20207,Marketplace Seller,360.7,29.7315,26.9651,27.3366,0.98641,20.414,0,Lost,Price
Q100096,2026-06-01,CU2071,20023,Regional Retail Chain,76.7,29.6354,29.6048,24.2767,1.21947,20.3298,0,Lost,Specification
Q100236,2026-06-01,CU2071,20077,Regional Retail Chain,40.1,28.8279,28.3606,23.7363,1.19482,21.2026,0,Lost,Incumbent supplier
Q101580,2026-06-01,CU2071,20056,Regional Retail Chain,172.3,30.6539,27.7596,31.5953,0.8786,22.343,1,Won,
Q101955,2026-06-01,CU2071,20074,Regional Retail Chain,653.6,20.2118,18.4632,16.9723,1.08784,13.3015,1,Won,
Q102678,2026-06-01,CU2072,20194,Marketplace Seller,1428.9,34.7971,25.6647,31.7546,0.80822,24.0076,1,Won,
Q101398,2026-06-01,CU2073,20155,Marketplace Seller,720.1,61.0672,57.6881,54.5638,1.05726,31.9671,0,Lost,Price
Q101767,2026-06-01,CU2074,20235,Corporate & B2B Buyer,323.4,28.0401,25.2248,25.9076,0.97364,19.0927,0,Lost,Price
Q103394,2026-06-01,CU2077,20211,Corporate & B2B Buyer,660.0,28.694,27.2257,28.4731,0.95619,21.7584,0,Lost,Incumbent supplier
Q102478,2026-06-01,CU2078,20144,E-commerce Pure-Play,531.9,28.6774,26.6605,27.0594,0.98526,14.6594,1,Won,
Q102662,2026-06-01,CU2079,20210,Marketplace Seller,216.8,41.4339,38.9545,41.7313,0.93346,18.6774,0,Lost,Price
Q102889,2026-06-01,CU2081,20120,Regional Retail Chain,61.5,10.2924,8.524,9.5632,0.89134,6.3209,1,Won,
Q104933,2026-06-01,CU2081,20202,Regional Retail Chain,315.6,104.2581,90.8207,83.4378,1.08848,55.8027,0,Lost,Incumbent supplier
Q104667,2026-06-01,CU2082,20073,E-commerce Pure-Play,637.1,60.1678,52.4077,49.2183,1.0648,28.318,0,Lost,Price
Q101154,2026-06-01,CU2083,20126,Marketplace Seller,142.6,42.6607,36.563,37.5885,0.97272,21.3518,0,Lost,Price
Q105414,2026-06-01,CU2083,20116,Marketplace Seller,158.7,45.8931,41.2181,47.3116,0.87121,16.168,0,Lost,Price
Q100123,2026-06-01,CU2084,20157,Marketplace Seller,287.9,20.666,17.7792,21.3819,0.83151,13.3615,1,Won,
Q101536,2026-06-01,CU2085,20198,Government & Education,607.2,43.944,35.1157,46.0602,0.76239,23.7457,0,Lost,Specification
Q103304,2026-06-01,CU2086,20215,Marketplace Seller,159.2,15.1576,13.7367,13.6647,1.00527,7.7072,0,Lost,Price
Q104291,2026-06-01,CU2088,20089,Independent Retailer,953.9,104.2189,84.9437,98.6488,0.86107,53.9128,1,Won,
Q103574,2026-06-01,CU2090,20228,Sub-Distributor,108.7,42.9158,36.3006,42.8189,0.84777,35.115,1,Won,
Q104055,2026-06-01,CU2090,20176,Sub-Distributor,888.0,27.6641,23.53,26.2176,0.89749,16.2257,1,Won,
Q101807,2026-06-01,CU2091,20031,Independent Retailer,1220.3,41.8966,39.9191,41.1377,0.97038,19.1685,0,Lost,Specification
Q100091,2026-06-01,CU2092,20139,Marketplace Seller,2170.9,46.8241,41.5934,38.6467,1.07624,29.7638,0,Lost,Price
Q103219,2026-06-01,CU2092,20093,Marketplace Seller,491.3,79.7317,74.58,81.2352,0.91807,48.4078,1,Won,
Q103341,2026-06-01,CU2092,20077,Marketplace Seller,153.9,28.8279,29.3547,28.9766,1.01305,21.2026,0,Lost,Price
Q104181,2026-06-01,CU2092,20146,Marketplace Seller,1181.1,6.4069,5.5704,6.6676,0.83544,5.0089,1,Won,
Q104208,2026-06-01,CU2093,20222,Independent Retailer,515.7,35.5677,29.9977,32.525,0.9223,21.7746,0,Lost,Incumbent supplier
Q102767,2026-06-01,CU2094,20068,Regional Retail Chain,157.7,39.0531,38.2525,40.9388,0.93438,18.7509,1,Won,
Q102165,2026-06-01,CU2096,20093,Marketplace Seller,508.1,79.7317,74.3305,68.4868,1.08532,48.4078,1,Won,
Q105035,2026-06-01,CU2096,20018,Marketplace Seller,400.9,83.3453,74.7078,79.8515,0.93558,34.2408,1,Won,
Q103839,2026-06-01,CU2097,20011,Subscription Box Operator,847.7,21.2674,17.6437,21.2326,0.83097,16.0365,1,Won,
Q101511,2026-06-01,CU2098,20109,Subscription Box Operator,92.5,53.6214,48.1654,49.8558,0.96609,32.4465,1,Won,
Q104534,2026-06-01,CU2098,20228,Subscription Box Operator,387.1,42.9158,41.9001,35.3625,1.18487,35.115,0,Lost,Price
Q104843,2026-06-01,CU2098,20167,Subscription Box Operator,261.7,17.502,16.5738,17.4242,0.95119,12.3047,1,Won,
Q101892,2026-06-01,CU2099,20089,E-commerce Pure-Play,958.3,104.2189,100.2242,103.0387,0.97268,53.9128,0,Lost,Specification
Q102255,2026-06-01,CU2100,20059,Independent Retailer,715.5,16.6279,14.8853,15.974,0.93185,12.2069,1,Won,
Q101830,2026-06-01,CU2102,20072,Sub-Distributor,244.1,19.4974,18.5995,16.9476,1.09747,13.7381,0,Lost,Price
Q103444,2026-06-01,CU2103,20152,Marketplace Seller,340.9,36.334,32.0663,33.8106,0.94841,25.9098,1,Won,
Q103765,2026-06-01,CU2103,20028,Marketplace Seller,89.5,58.8591,52.5115,54.8988,0.95651,26.0701,0,Lost,Price
Q101929,2026-06-01,CU2106,20032,Sub-Distributor,46.8,18.1412,14.2454,14.8094,0.96191,12.9451,1,Won,
Q103105,2026-06-01,CU2106,20077,Sub-Distributor,732.4,28.8279,27.9987,29.7842,0.94005,21.2026,1,Won,
Q105293,2026-06-01,CU2106,20112,Sub-Distributor,316.7,22.5529,20.8992,20.8436,1.00267,14.6026,0,Lost,Incumbent supplier
Q100125,2026-06-01,CU2107,20109,E-commerce Pure-Play,917.0,53.6214,48.4234,53.77,0.90057,32.4465,1,Won,
Q101587,2026-06-01,CU2107,20111,E-commerce Pure-Play,154.5,23.1789,21.5863,19.1554,1.1269,19.2608,0,Lost,Lead time
Q102640,2026-06-01,CU2107,20155,E-commerce Pure-Play,372.1,61.0672,53.7131,50.7022,1.05938,31.9671,0,Lost,Lead time
Q102227,2026-06-01,CU2110,20033,Independent Retailer,338.0,25.1462,23.8865,20.5502,1.16235,20.1986,0,Lost,Incumbent supplier
Q103132,2026-06-01,CU2110,20052,Independent Retailer,165.8,38.6068,33.8518,37.0099,0.91467,20.9121,1,Won,
Q100927,2026-06-01,CU2111,20162,Independent Retailer,792.9,31.47,29.5178,32.2577,0.91506,13.2046,0,Lost,Lead time
Q102903,2026-06-01,CU2112,20097,Government & Education,606.8,22.394,19.5858,22.1615,0.88378,10.9455,1,Won,
Q103009,2026-06-01,CU2115,20192,Sub-Distributor,2653.6,22.3688,19.9808,23.4785,0.85103,13.1612,1,Won,
Q101379,2026-06-01,CU2116,20188,Independent Retailer,172.1,22.8172,18.5482,20.6611,0.89773,16.1552,1,Won,
Q102159,2026-06-01,CU2116,20139,Independent Retailer,952.5,46.8241,42.8453,47.8521,0.89537,29.7638,0,Lost,Price
Q104249,2026-06-01,CU2117,20015,Marketplace Seller,144.6,12.442,9.4256,10.6477,0.88522,8.7628,1,Won,
Q101812,2026-06-01,CU2118,20034,Regional Retail Chain,592.5,22.2909,21.2911,19.6988,1.08084,10.7729,0,Lost,Lead time
Q102713,2026-06-01,CU2118,20078,Regional Retail Chain,61.5,14.0661,11.6265,14.2697,0.81477,8.9335,1,Won,
Q104851,2026-06-01,CU2118,20151,Regional Retail Chain,344.1,50.2004,44.4422,41.9614,1.05912,28.4169,1,Won,
Q105246,2026-06-01,CU2123,20211,Independent Retailer,480.9,28.694,25.9499,22.9957,1.12847,21.7584,0,Lost,Specification
Q101489,2026-06-01,CU2124,20127,Marketplace Seller,144.0,27.1607,24.9317,22.6331,1.10156,20.5443,0,Lost,Specification
Q101614,2026-06-01,CU2125,20022,Marketplace Seller,570.6,46.3595,42.6196,41.1405,1.03595,37.5766,0,Lost,Specification
Q100007,2026-06-01,CU2127,20084,Corporate & B2B Buyer,2513.8,21.9809,19.9326,22.6618,0.87957,8.5711,0,Lost,Price
Q105207,2026-06-01,CU2127,20198,Corporate & B2B Buyer,145.0,43.944,44.581,35.1609,1.26791,23.7457,0,Lost,Specification
Q102442,2026-06-01,CU2129,20041,Regional Retail Chain,435.5,25.6223,23.5314,24.7246,0.95174,15.0764,0,Lost,Price
Q103642,2026-06-01,CU2129,20108,Regional Retail Chain,375.8,24.8228,20.1454,20.4999,0.98271,10.7102,1,Won,
Q102217,2026-06-01,CU2132,20059,Subscription Box Operator,648.4,16.6279,14.8036,13.7716,1.07494,12.2069,0,Lost,Incumbent supplier
Q104352,2026-06-01,CU2132,20127,Subscription Box Operator,931.6,27.1607,27.7039,27.6443,1.00216,20.5443,0,Lost,Specification
Q102024,2026-06-01,CU2134,20159,Marketplace Seller,157.6,12.4073,11.9174,13.0883,0.91053,10.5814,0,Lost,Price
Q100039,2026-06-01,CU2135,20077,Sub-Distributor,352.7,28.8279,27.3902,26.3937,1.03775,21.2026,1,Won,
Q102430,2026-06-01,CU2135,20193,Sub-Distributor,1010.1,53.1382,51.8802,53.8235,0.9639,37.181,0,Lost,Incumbent supplier
Q100559,2026-06-01,CU2137,20052,E-commerce Pure-Play,677.4,38.6068,33.1611,40.4875,0.81905,20.9121,1,Won,
Q100777,2026-06-01,CU2137,20008,E-commerce Pure-Play,312.5,21.2885,18.9491,21.3128,0.8891,14.9253,0,Lost,Price
Q101105,2026-06-01,CU2137,20144,E-commerce Pure-Play,122.5,28.6774,25.5299,27.4006,0.93173,14.6594,1,Won,
Q102036,2026-06-01,CU2137,20090,E-commerce Pure-Play,405.6,64.639,47.4052,58.7559,0.80682,32.6544,1,Won,
Q101172,2026-06-01,CU2138,20174,Marketplace Seller,80.3,33.942,32.8269,29.0337,1.13065,25.5457,0,Lost,Price
Q105181,2026-06-01,CU2138,20118,Marketplace Seller,1427.1,67.6031,62.4369,62.0267,1.00661,41.1551,1,Won,
Q101750,2026-06-01,CU2139,20116,E-commerce Pure-Play,1397.2,45.8931,39.3348,41.9036,0.9387,16.168,1,Won,
Q101572,2026-06-01,CU2140,20132,Subscription Box Operator,58.1,31.1731,29.4754,26.1751,1.12609,20.6529,0,Lost,Incumbent supplier
Q102433,2026-06-01,CU2140,20162,Subscription Box Operator,599.4,31.47,28.1641,31.6802,0.88901,13.2046,1,Won,
Q102603,2026-06-01,CU2140,20031,Subscription Box Operator,193.8,41.8966,39.2087,34.8288,1.12575,19.1685,0,Lost,Incumbent supplier
Q105357,2026-06-01,CU2140,20038,Subscription Box Operator,719.4,27.2668,27.5746,22.2561,1.23897,21.8497,0,Lost,Price
Q102344,2026-06-01,CU2141,20140,Marketplace Seller,663.5,56.7436,48.0614,56.3859,0.85237,36.4936,1,Won,
Q103721,2026-06-01,CU2141,20021,Marketplace Seller,277.5,44.6055,44.5637,39.3904,1.13133,29.5966,0,Lost,Price
Q104914,2026-06-01,CU2141,20177,Marketplace Seller,350.5,20.0495,17.9304,19.2013,0.93381,13.3776,1,Won,
Q105071,2026-06-01,CU2141,20039,Marketplace Seller,404.7,35.6462,30.7515,29.5896,1.03927,22.3697,0,Lost,Price
Q102305,2026-06-01,CU2143,20102,Sub-Distributor,146.2,15.0766,15.1744,14.8436,1.02229,7.3964,1,Won,
Q103088,2026-06-01,CU2149,20220,Corporate & B2B Buyer,499.7,80.0931,67.2364,74.0754,0.90767,47.6113,0,Lost,Price
