entity_id,counterparty_id,transactions,amount_cad,first_seen,last_seen,max_risk_score,directions,shared_entity_degree
ENT-00049,CPT-00016,24,62152.59,2025-08-15 10:25:16,2026-07-31 09:34:26,28.4,inbound,7
ENT-00049,CPT-01241,2,264.36,2025-09-13 08:45:02,2026-07-29 17:03:09,35.5,outbound,2
ENT-00049,CPT-01514,1,893.84,2025-12-23 11:50:18,2025-12-23 11:50:18,2.1,outbound,8
ENT-00049,CPT-04299,2,512.89,2025-08-13 19:55:22,2026-01-22 17:09:18,19.8,outbound,44
ENT-00060,CPT-00360,12,32700.0,2025-08-02 13:39:15,2026-07-02 20:45:28,40.0,outbound,9
ENT-00060,CPT-00735,6,33746.01,2025-08-01 09:16:40,2026-04-27 19:16:10,70.0,outbound,14
ENT-00060,CPT-01630,2,34188.77,2025-09-27 21:19:09,2026-03-28 03:49:24,70.0,outbound,2
ENT-00060,CPT-01643,2,24082.36,2025-11-06 14:35:27,2026-03-28 05:52:52,70.0,outbound,5
ENT-00060,CPT-01696,3,149920.09,2026-03-27 10:18:38,2026-06-19 20:05:56,70.0,inbound;outbound,2
ENT-00060,CPT-05613,1,3592.75,2025-12-06 19:44:05,2025-12-06 19:44:05,30.9,outbound,7
ENT-00104,CPT-00031,24,30283.31,2025-08-15 08:38:15,2026-07-31 08:32:04,37.9,inbound,4
ENT-00104,CPT-00932,2,551.18,2025-09-10 09:34:42,2026-06-23 13:31:50,16.8,outbound,6
ENT-00104,CPT-01682,1,106.59,2025-12-11 14:24:08,2025-12-11 14:24:08,10.6,outbound,3
ENT-00104,CPT-03634,1,1427.8,2025-12-22 12:46:55,2025-12-22 12:46:55,69.6,inbound,9
ENT-00104,CPT-03818,1,1580.54,2025-12-20 18:28:27,2025-12-20 18:28:27,67.8,inbound,3
ENT-00104,CPT-04288,2,647.59,2025-12-25 19:14:31,2025-12-30 18:13:04,40.0,outbound,2
ENT-00104,CPT-04479,1,1645.68,2025-12-21 18:36:46,2025-12-21 18:36:46,69.9,inbound,2
ENT-00104,CPT-04830,2,295.41,2025-09-08 12:01:16,2026-04-30 10:57:02,11.2,outbound,7
ENT-00104,CPT-04990,1,1436.61,2025-12-21 20:28:01,2025-12-21 20:28:01,69.9,inbound,2
ENT-00104,CPT-05072,1,677.2,2025-11-19 13:50:23,2025-11-19 13:50:23,1.3,outbound,31
ENT-00120,CPT-02059,1,58.44,2026-07-07 14:29:12,2026-07-07 14:29:12,6.6,outbound,6
ENT-00120,CPT-02202,2,237.81,2025-09-21 14:38:19,2025-11-26 17:11:44,25.5,outbound,9
ENT-00120,CPT-03729,1,82.78,2025-08-20 19:05:50,2025-08-20 19:05:50,13.8,outbound,69
ENT-00125,CPT-00689,5,7884.73,2026-04-08 14:24:18,2026-07-16 18:38:01,33.6,inbound;outbound,2
ENT-00125,CPT-01047,1,445.39,2025-12-15 09:19:32,2025-12-15 09:19:32,22.1,inbound,9
ENT-00125,CPT-01431,2,1475.17,2025-08-01 11:22:09,2026-04-21 17:19:57,30.2,inbound,16
ENT-00125,CPT-01742,7,32975.82,2025-08-13 12:30:06,2026-07-30 17:04:10,69.8,inbound;outbound,27
ENT-00125,CPT-01754,2,1283.53,2026-02-26 11:54:20,2026-07-16 14:58:32,21.5,inbound;outbound,2
ENT-00125,CPT-02069,5,19615.3,2025-10-23 04:18:52,2026-07-15 15:52:48,69.8,inbound;outbound,6
ENT-00125,CPT-04324,1,55.82,2026-06-25 20:08:52,2026-06-25 20:08:52,31.8,outbound,71
ENT-00125,CPT-05072,2,329.16,2025-09-03 16:50:26,2025-11-10 21:20:40,38.1,outbound,31
ENT-00130,CPT-00713,9,2213.25,2025-10-03 18:37:19,2026-07-14 17:51:21,33.0,inbound;outbound,7
ENT-00130,CPT-01440,4,412.97,2025-08-25 16:01:04,2026-04-24 17:27:11,39.6,inbound;outbound,22
ENT-00130,CPT-01441,7,4102.42,2025-10-18 09:48:07,2026-07-16 10:28:33,69.9,inbound;outbound,5
ENT-00130,CPT-01486,5,5398.9,2026-02-22 14:44:56,2026-06-10 15:44:01,69.5,inbound;outbound,2
ENT-00130,CPT-01487,4,1680.82,2025-09-19 14:57:53,2026-05-19 14:39:36,10.8,inbound;outbound,9
ENT-00130,CPT-01522,6,2515.98,2025-08-08 19:53:46,2026-06-20 16:03:14,69.6,inbound;outbound,7
ENT-00130,CPT-01772,5,555.73,2025-10-17 09:48:28,2026-05-27 18:00:11,23.3,inbound;outbound,3
ENT-00130,CPT-05198,1,1072.18,2025-09-12 11:57:42,2025-09-12 11:57:42,11.1,outbound,6
ENT-00149,CPT-00016,24,113085.08,2025-08-15 08:40:40,2026-07-31 09:23:52,39.9,inbound,7
ENT-00149,CPT-00360,12,37800.0,2025-08-01 19:06:18,2026-07-02 17:28:46,36.5,outbound,9
ENT-00149,CPT-01772,3,1711.36,2026-01-26 19:30:42,2026-03-18 10:47:34,12.5,outbound,3
ENT-00149,CPT-02181,2,629.09,2026-02-12 18:11:25,2026-04-28 12:10:41,16.6,outbound,31
ENT-00149,CPT-03692,1,1477.06,2025-08-24 06:37:52,2025-08-24 06:37:52,69.8,inbound,3
ENT-00149,CPT-03729,1,197.43,2026-03-28 19:39:38,2026-03-28 19:39:38,34.1,outbound,69
ENT-00149,CPT-04116,1,1889.72,2025-08-24 03:25:46,2025-08-24 03:25:46,69.5,inbound,2
ENT-00149,CPT-04425,2,326.51,2025-12-15 11:33:12,2026-06-26 19:24:28,19.7,outbound,18
ENT-00149,CPT-04907,1,1290.9,2025-08-23 16:18:59,2025-08-23 16:18:59,66.1,inbound,5
ENT-00155,CPT-00016,24,50690.53,2025-08-15 08:10:35,2026-07-31 09:11:40,36.9,inbound,7
ENT-00155,CPT-01096,1,66.67,2025-12-20 16:34:20,2025-12-20 16:34:20,25.4,outbound,17
ENT-00155,CPT-04922,3,1010.72,2026-01-25 20:56:00,2026-05-27 11:19:52,26.6,outbound,2
ENT-00189,CPT-00226,12,19500.0,2025-08-01 17:21:18,2026-07-01 18:10:23,34.2,outbound,2
ENT-00189,CPT-01079,1,21.69,2026-03-25 19:31:36,2026-03-25 19:31:36,5.1,outbound,4
ENT-00189,CPT-01149,1,544.85,2025-09-29 09:44:10,2025-09-29 09:44:10,21.0,outbound,2
ENT-00189,CPT-01723,1,388.16,2025-09-11 20:59:57,2025-09-11 20:59:57,35.2,outbound,3
ENT-00189,CPT-02202,1,303.93,2025-11-16 15:12:28,2025-11-16 15:12:28,68.9,outbound,9
ENT-00189,CPT-03941,1,18208.54,2025-11-17 19:39:18,2025-11-17 19:39:18,69.8,outbound,2
ENT-00189,CPT-04028,1,19153.75,2025-11-17 16:24:37,2025-11-17 16:24:37,69.3,outbound,3
ENT-00189,CPT-05179,1,106317.41,2025-11-16 11:36:57,2025-11-16 11:36:57,70.0,inbound,4
ENT-00189,CPT-05357,1,25947.73,2025-11-17 21:00:49,2025-11-17 21:00:49,70.0,outbound,5
ENT-00189,CPT-05944,1,34154.09,2025-11-16 16:15:06,2025-11-16 16:15:06,69.9,outbound,3
ENT-00195,CPT-01206,2,142.98,2026-06-24 16:36:55,2026-07-23 20:32:32,29.8,outbound,6
ENT-00195,CPT-01727,1,264.04,2025-08-09 12:09:28,2025-08-09 12:09:28,29.2,outbound,12
ENT-00195,CPT-01838,2,904.02,2026-03-17 12:54:45,2026-06-29 13:39:31,13.1,outbound,24
ENT-00195,CPT-03795,1,60.53,2025-09-30 12:47:18,2025-09-30 12:47:18,28.9,outbound,9
ENT-00195,CPT-05017,1,36.74,2026-03-17 13:46:12,2026-03-17 13:46:12,12.7,outbound,64
ENT-00197,CPT-00031,24,51250.56,2025-08-15 09:07:36,2026-07-31 10:42:23,38.3,inbound,4
ENT-00197,CPT-00473,12,30300.0,2025-08-02 13:18:00,2026-07-02 12:21:07,39.2,outbound,2
ENT-00197,CPT-00800,1,189.45,2025-08-19 09:22:12,2025-08-19 09:22:12,21.8,outbound,3
ENT-00197,CPT-01924,1,138.41,2026-01-01 20:40:11,2026-01-01 20:40:11,16.3,outbound,2
ENT-00197,CPT-02136,1,89.81,2025-10-06 18:09:50,2025-10-06 18:09:50,14.8,outbound,5
ENT-00210,CPT-00016,24,41245.9,2025-08-15 09:58:03,2026-07-31 10:09:13,34.2,inbound,7
ENT-00210,CPT-01112,1,332.48,2025-09-04 17:28:44,2025-09-04 17:28:44,14.3,outbound,49
ENT-00248,CPT-01717,1,10866.09,2026-05-05 09:29:48,2026-05-05 09:29:48,22.3,outbound,3
ENT-00289,CPT-00016,17,28058.92,2025-08-15 09:42:10,2026-07-31 09:30:59,31.3,inbound,7
ENT-00289,CPT-01112,1,605.23,2025-08-04 16:04:18,2025-08-04 16:04:18,30.6,outbound,49
ENT-00289,CPT-01552,2,8433.29,2026-01-22 14:45:48,2026-06-27 13:15:48,30.3,inbound;outbound,8
ENT-00289,CPT-01579,1,511.85,2026-05-27 13:48:29,2026-05-27 13:48:29,7.1,outbound,2
ENT-00289,CPT-02136,1,16076.09,2026-01-20 16:11:06,2026-01-20 16:11:06,69.9,outbound,5
ENT-00303,CPT-00770,2,430.47,2026-02-20 10:30:46,2026-05-20 13:29:07,0.5,outbound,5
ENT-00303,CPT-01579,1,236.85,2025-09-07 22:48:43,2025-09-07 22:48:43,33.3,outbound,2
ENT-00303,CPT-01901,1,221.05,2025-10-25 18:35:07,2025-10-25 18:35:07,28.9,outbound,2
ENT-00303,CPT-02227,2,182.5,2026-02-20 12:59:16,2026-06-01 08:03:09,12.6,outbound,12
ENT-00303,CPT-03695,1,132.41,2025-08-26 20:07:48,2025-08-26 20:07:48,20.2,outbound,12
ENT-00303,CPT-03941,1,118264.05,2026-01-08 17:27:43,2026-01-08 17:27:43,70.0,inbound,2
ENT-00303,CPT-03981,1,265.09,2026-05-23 20:22:49,2026-05-23 20:22:49,39.2,outbound,191
ENT-00303,CPT-04371,1,363.48,2026-03-05 17:11:23,2026-03-05 17:11:23,4.4,outbound,19
ENT-00303,CPT-04428,1,16185.85,2026-01-09 18:02:20,2026-01-09 18:02:20,69.8,outbound,3
ENT-00303,CPT-05179,1,26576.79,2026-01-09 17:07:26,2026-01-09 17:07:26,69.6,outbound,4
ENT-00303,CPT-05357,1,29036.62,2026-01-08 22:02:18,2026-01-08 22:02:18,69.6,outbound,5
ENT-00333,CPT-00031,24,26389.94,2025-08-15 08:52:46,2026-07-31 09:40:54,39.4,inbound,4
ENT-00333,CPT-01112,1,35.35,2026-02-09 18:26:24,2026-02-09 18:26:24,24.2,outbound,49
ENT-00333,CPT-01205,2,15043.55,2025-09-16 10:50:49,2026-06-30 10:15:05,69.6,outbound,2
ENT-00333,CPT-01682,3,98600.97,2026-04-24 16:48:38,2026-06-29 16:55:51,69.9,inbound;outbound,3
ENT-00333,CPT-01742,1,17245.99,2026-06-30 04:44:53,2026-06-30 04:44:53,69.7,outbound,27
ENT-00333,CPT-01754,2,15628.09,2025-08-22 15:49:05,2026-06-30 15:21:48,69.8,outbound,2
ENT-00333,CPT-01927,2,154.23,2025-10-24 09:33:39,2025-11-01 18:59:01,26.8,outbound,18
ENT-00333,CPT-02181,1,104.63,2026-07-07 15:59:46,2026-07-07 15:59:46,34.9,outbound,31
ENT-00386,CPT-00039,12,19916.99,2025-08-15 09:05:43,2026-07-31 08:25:55,24.7,inbound,4
ENT-00386,CPT-01106,2,15586.86,2025-12-08 19:23:44,2026-06-18 16:57:05,70.0,inbound;outbound,11
ENT-00386,CPT-02286,1,801.72,2025-08-09 13:21:43,2025-08-09 13:21:43,37.6,outbound,17
ENT-00387,CPT-01698,2,17000.0,2026-04-10 11:55:55,2026-04-24 13:35:08,69.5,outbound,4
ENT-00387,CPT-05362,1,302.03,2026-02-23 20:33:37,2026-02-23 20:33:37,29.6,outbound,5
ENT-00454,CPT-01383,14,2203.53,2025-09-19 08:27:35,2026-07-06 12:23:10,34.7,inbound;outbound,13
ENT-00454,CPT-01431,3,234.95,2026-02-28 15:59:12,2026-07-22 22:00:15,28.2,inbound,16
ENT-00454,CPT-01465,7,3506.35,2025-12-23 12:17:44,2026-05-04 13:52:49,69.8,inbound;outbound,3
ENT-00454,CPT-01927,5,875.05,2025-08-05 18:22:42,2026-07-20 12:52:45,35.8,inbound,18
ENT-00454,CPT-05691,2,437.9,2025-10-28 16:44:47,2026-05-25 12:27:29,4.7,outbound,9
ENT-00454,CPT-05766,3,649.48,2025-08-03 09:17:33,2026-07-26 13:36:39,38.1,outbound,6
ENT-00492,CPT-00939,1,17442.88,2026-04-27 17:54:40,2026-04-27 17:54:40,66.2,outbound,3
ENT-00492,CPT-01440,1,13563.84,2026-04-28 04:52:25,2026-04-28 04:52:25,69.3,outbound,22
ENT-00492,CPT-01944,2,23633.69,2025-10-21 10:41:39,2026-04-28 15:20:54,69.4,outbound,2
ENT-00492,CPT-02161,2,15648.2,2026-04-28 16:50:54,2026-06-09 18:36:59,69.7,outbound,27
ENT-00492,CPT-02272,3,117894.41,2026-04-27 13:31:09,2026-05-18 13:49:16,70.0,inbound;outbound,5
ENT-00492,CPT-04425,1,28.19,2025-11-11 14:43:57,2025-11-11 14:43:57,5.4,outbound,18
ENT-00492,CPT-04678,2,134.44,2025-09-12 19:14:59,2025-10-01 20:19:29,15.1,outbound,8
ENT-00496,CPT-00713,3,21065.28,2025-09-28 16:28:09,2026-04-22 22:41:54,69.9,outbound,7
ENT-00496,CPT-00800,2,8081.69,2025-09-08 15:06:09,2025-09-25 11:08:24,39.7,outbound,3
ENT-00496,CPT-01838,2,7316.26,2025-09-26 10:46:33,2026-07-25 14:41:45,39.3,outbound,24
ENT-00496,CPT-04114,2,933.49,2025-08-22 13:54:47,2025-10-21 13:16:58,11.4,outbound,19
ENT-00522,CPT-00735,4,677.94,2025-08-21 19:06:39,2026-07-20 22:23:49,32.0,inbound;outbound,14
ENT-00522,CPT-00897,4,557.39,2025-10-17 12:37:18,2026-03-09 16:15:50,35.0,inbound;outbound,4
ENT-00522,CPT-01838,4,1419.69,2025-09-09 14:13:21,2026-07-24 19:30:55,69.9,inbound;outbound,24
ENT-00522,CPT-02069,1,44.45,2025-12-18 20:33:13,2025-12-18 20:33:13,20.1,outbound,6
ENT-00522,CPT-02161,4,1013.42,2025-11-14 21:00:26,2026-01-30 11:38:50,28.6,inbound;outbound,27
ENT-00522,CPT-04945,2,273.28,2025-09-26 14:18:36,2026-01-21 11:06:12,26.6,outbound,24
ENT-00522,CPT-05958,3,416.72,2025-08-25 18:12:17,2026-01-24 19:53:23,35.8,outbound,13
ENT-00589,CPT-00039,24,39315.92,2025-08-15 10:06:11,2026-07-31 10:22:30,34.7,inbound,4
ENT-00589,CPT-00496,12,16800.0,2025-08-02 15:22:44,2026-07-01 13:42:12,37.8,outbound,2
ENT-00589,CPT-01061,3,92633.88,2025-09-27 18:39:12,2026-06-14 13:58:34,70.0,inbound;outbound,5
ENT-00589,CPT-01296,2,33207.7,2026-02-28 19:06:56,2026-06-15 19:08:59,69.6,outbound,6
ENT-00589,CPT-01440,1,228.72,2025-11-25 20:19:49,2025-11-25 20:19:49,18.6,outbound,22
ENT-00589,CPT-01683,3,25940.66,2025-09-12 12:57:01,2026-06-16 00:12:11,69.9,outbound,13
ENT-00589,CPT-01927,2,685.0,2025-12-05 13:16:35,2026-04-24 17:10:40,13.3,outbound,18
ENT-00589,CPT-05017,1,595.95,2026-07-24 19:52:23,2026-07-24 19:52:23,23.6,outbound,64
ENT-00589,CPT-05613,3,1080.06,2025-08-27 17:59:18,2026-06-19 12:41:16,39.6,outbound,7
ENT-00624,CPT-01901,3,1333.35,2026-02-05 21:11:14,2026-05-01 12:32:56,16.8,outbound,2
ENT-00624,CPT-02034,1,106.72,2025-11-01 15:30:47,2025-11-01 15:30:47,34.2,outbound,3
ENT-00624,CPT-04960,1,197.87,2025-12-23 16:54:17,2025-12-23 16:54:17,12.5,outbound,3
ENT-00624,CPT-05778,2,1718.88,2025-09-08 09:20:14,2025-11-27 22:20:54,33.8,outbound,3
ENT-00642,CPT-01112,6,19295.08,2025-10-07 17:09:14,2026-06-16 12:33:49,39.4,inbound;outbound,49
ENT-00642,CPT-01223,7,32985.31,2025-08-29 09:15:15,2026-07-17 11:10:37,69.8,inbound;outbound,5
ENT-00642,CPT-01742,9,10264.65,2025-11-20 11:00:39,2026-07-29 12:41:56,38.2,inbound;outbound,27
ENT-00642,CPT-04855,1,252.0,2025-11-06 19:16:39,2025-11-06 19:16:39,13.7,outbound,18
ENT-00644,CPT-00119,24,47171.63,2025-08-15 08:22:09,2026-07-31 07:10:03,27.6,inbound,3
ENT-00644,CPT-00735,1,184.03,2026-01-29 10:15:43,2026-01-29 10:15:43,5.5,outbound,14
ENT-00644,CPT-01742,2,11103.3,2025-11-19 17:13:55,2026-04-14 17:58:02,69.7,outbound,27
ENT-00644,CPT-03981,1,312.93,2025-10-13 10:38:07,2025-10-13 10:38:07,28.0,outbound,191
ENT-00644,CPT-04324,2,519.05,2025-09-20 09:02:08,2026-03-17 16:52:21,27.1,outbound,71
ENT-00649,CPT-00226,12,18000.0,2025-08-01 12:59:43,2026-07-01 16:08:57,30.0,outbound,2
ENT-00649,CPT-01096,3,538.57,2025-08-30 21:18:17,2026-02-09 14:50:03,31.6,outbound,17
ENT-00650,CPT-01253,1,199.5,2025-12-28 13:57:10,2025-12-28 13:57:10,27.7,outbound,2
ENT-00650,CPT-01838,2,618.65,2025-12-12 18:14:34,2026-01-10 14:08:04,26.4,outbound,24
ENT-00650,CPT-01927,2,2445.58,2025-09-15 08:44:14,2026-05-21 18:18:09,22.9,outbound,18
ENT-00650,CPT-02248,2,1113.76,2026-07-12 09:44:54,2026-07-25 15:50:12,31.3,outbound,7
ENT-00650,CPT-03981,1,856.86,2025-09-07 20:25:35,2025-09-07 20:25:35,36.0,outbound,191
ENT-00650,CPT-04324,1,242.64,2026-06-17 19:56:35,2026-06-17 19:56:35,27.4,outbound,71
ENT-00650,CPT-05766,1,359.95,2026-07-09 10:25:45,2026-07-09 10:25:45,10.1,outbound,6
ENT-00653,CPT-00939,1,331.68,2025-09-08 16:47:54,2025-09-08 16:47:54,30.0,inbound,3
ENT-00653,CPT-01020,1,450.76,2025-10-02 12:04:21,2025-10-02 12:04:21,13.4,inbound,11
ENT-00653,CPT-01074,6,774.9,2025-08-18 11:07:59,2026-06-26 12:40:46,32.3,inbound;outbound,12
ENT-00653,CPT-01223,2,177.76,2025-09-21 15:26:04,2025-10-24 13:51:29,25.6,inbound;outbound,5
ENT-00653,CPT-01241,4,767.85,2025-09-29 12:12:27,2026-07-23 17:02:04,20.2,inbound;outbound,2
ENT-00653,CPT-01386,4,558.25,2025-08-08 15:05:58,2026-05-28 13:02:49,34.3,inbound;outbound,3
ENT-00653,CPT-01727,1,224.11,2026-07-14 15:31:59,2026-07-14 15:31:59,21.8,outbound,12
ENT-00653,CPT-01927,4,874.23,2025-09-05 21:14:54,2026-07-31 12:27:00,23.2,inbound,18
ENT-00653,CPT-02181,6,980.46,2025-08-06 15:40:01,2025-11-07 18:14:30,39.6,inbound;outbound,31
ENT-00653,CPT-02227,3,355.46,2025-09-12 15:59:34,2026-06-26 12:32:49,24.1,inbound,12
ENT-00653,CPT-04707,1,197.95,2026-06-12 19:49:18,2026-06-12 19:49:18,26.4,outbound,4
ENT-00678,CPT-01449,1,314.82,2026-05-04 20:53:35,2026-05-04 20:53:35,18.5,outbound,7
ENT-00678,CPT-01723,2,360.55,2025-09-21 14:04:58,2026-03-20 12:32:11,27.8,outbound,3
ENT-00678,CPT-03795,1,1055.08,2025-12-30 01:45:18,2025-12-30 01:45:18,70.0,inbound,9
ENT-00678,CPT-03981,1,155.55,2026-01-13 12:54:42,2026-01-13 12:54:42,37.8,outbound,191
ENT-00678,CPT-04004,1,315.41,2025-10-12 15:54:32,2025-10-12 15:54:32,26.7,outbound,7
ENT-00678,CPT-04114,1,1105.87,2025-12-28 01:07:39,2025-12-28 01:07:39,69.5,inbound,19
ENT-00678,CPT-04153,1,1374.34,2025-12-29 21:25:18,2025-12-29 21:25:18,69.9,inbound,2
ENT-00678,CPT-05130,1,1356.11,2025-12-29 07:35:04,2025-12-29 07:35:04,69.2,inbound,4
ENT-00678,CPT-05370,1,1050.86,2025-12-28 15:51:39,2025-12-28 15:51:39,69.0,inbound,4
ENT-00687,CPT-00088,24,35367.88,2025-08-15 08:26:54,2026-07-31 10:47:49,34.4,inbound,2
ENT-00687,CPT-00496,12,27300.0,2025-08-01 18:31:57,2026-07-02 14:30:51,32.6,outbound,2
ENT-00687,CPT-00997,2,13232.64,2025-10-18 12:49:47,2026-05-09 10:50:17,69.8,outbound,4
ENT-00687,CPT-01449,2,1927.38,2025-12-11 16:28:02,2026-02-19 13:53:14,4.1,outbound,7
ENT-00687,CPT-01486,1,6000.0,2026-04-09 09:06:40,2026-04-09 09:06:40,69.5,outbound,2
ENT-00687,CPT-01548,1,100.03,2025-12-21 20:00:49,2025-12-21 20:00:49,28.3,outbound,4
ENT-00687,CPT-01717,2,6301.3,2026-04-21 10:58:48,2026-05-04 13:18:29,39.2,outbound,3
ENT-00687,CPT-05107,1,37.57,2026-01-28 13:24:58,2026-01-28 13:24:58,7.5,outbound,15
ENT-00718,CPT-00016,24,50606.44,2025-08-15 08:42:36,2026-07-31 08:53:23,39.8,inbound,7
ENT-00718,CPT-00826,1,146.42,2025-08-10 19:21:22,2025-08-10 19:21:22,38.1,outbound,4
ENT-00718,CPT-01643,1,241.22,2025-11-18 14:50:18,2025-11-18 14:50:18,39.3,outbound,5
ENT-00718,CPT-04942,1,738.71,2025-08-10 22:20:01,2025-08-10 22:20:01,37.6,outbound,36
ENT-00862,CPT-00119,24,44940.17,2025-08-15 08:23:21,2026-07-31 07:28:53,39.7,inbound,3
ENT-00862,CPT-00689,3,22715.12,2025-11-26 17:22:33,2026-05-10 15:37:50,68.1,outbound,2
ENT-00862,CPT-01074,2,924.7,2026-04-08 18:18:33,2026-05-08 18:15:14,34.5,outbound,12
ENT-00862,CPT-02161,1,26291.43,2026-04-25 22:17:13,2026-04-25 22:17:13,70.0,outbound,27
ENT-00862,CPT-02202,1,104088.64,2026-04-24 11:57:16,2026-04-24 11:57:16,70.0,inbound,9
ENT-00862,CPT-05370,1,281.23,2025-08-31 12:23:23,2025-08-31 12:23:23,25.7,outbound,4
ENT-00868,CPT-01206,2,9110.55,2025-12-18 14:28:06,2025-12-27 10:50:59,68.5,outbound,6
ENT-00868,CPT-01296,2,13037.9,2025-09-03 12:38:58,2025-12-01 10:27:00,69.5,outbound,6
ENT-00868,CPT-01905,1,95.66,2026-07-23 15:59:54,2026-07-23 15:59:54,18.1,outbound,17
ENT-00868,CPT-02161,4,6492.74,2025-11-06 15:15:41,2026-03-22 21:35:37,39.1,outbound,27
ENT-00868,CPT-03981,2,326.02,2025-09-27 14:41:26,2026-06-06 19:09:07,39.2,outbound,191
ENT-00868,CPT-04033,3,598.04,2026-03-03 20:56:38,2026-07-05 14:50:52,28.2,outbound,6
ENT-00871,CPT-00119,24,42471.72,2025-08-15 10:39:25,2026-07-31 07:30:15,36.9,inbound,3
ENT-00871,CPT-00360,12,14700.0,2025-08-01 14:54:39,2026-07-02 17:36:09,39.4,outbound,9
ENT-00871,CPT-01285,1,228.93,2026-01-15 21:21:50,2026-01-15 21:21:50,25.0,outbound,25
ENT-00871,CPT-01441,1,141.33,2026-05-27 15:39:10,2026-05-27 15:39:10,11.2,outbound,5
ENT-00876,CPT-00360,6,19500.0,2025-08-02 11:00:43,2026-07-02 15:40:45,39.3,outbound,9
ENT-00876,CPT-01630,1,418.16,2025-08-26 11:06:46,2025-08-26 11:06:46,11.7,outbound,2
ENT-00882,CPT-00103,12,24415.32,2025-08-01 10:49:45,2026-07-01 08:28:42,31.1,inbound,2
ENT-00882,CPT-01112,3,685.1,2025-08-06 10:04:25,2026-07-12 12:29:01,38.3,outbound,49
ENT-00882,CPT-02181,1,481.69,2026-04-02 13:38:53,2026-04-02 13:38:53,20.9,outbound,31
ENT-00882,CPT-02312,3,1986.59,2026-04-23 19:43:11,2026-06-26 21:53:04,25.5,outbound,10
ENT-00882,CPT-03981,3,1405.22,2025-08-13 19:00:03,2026-03-14 14:07:10,39.2,outbound,191
ENT-00882,CPT-03993,1,1776.5,2025-12-05 22:02:07,2025-12-05 22:02:07,66.0,inbound,3
ENT-00882,CPT-04373,1,1466.32,2025-12-05 10:49:13,2025-12-05 10:49:13,56.3,inbound,7
ENT-00882,CPT-04592,2,719.36,2025-09-24 14:48:16,2026-01-02 12:21:01,21.6,outbound,17
ENT-00882,CPT-04891,1,2057.07,2025-12-06 23:11:15,2025-12-06 23:11:15,70.0,inbound,11
ENT-00882,CPT-05118,1,1777.07,2025-12-06 17:49:30,2025-12-06 17:49:30,69.8,inbound,2
ENT-00882,CPT-05240,1,308.66,2026-03-23 09:54:38,2026-03-23 09:54:38,4.5,outbound,6
ENT-00882,CPT-05405,1,1571.17,2025-12-05 12:36:01,2025-12-05 12:36:01,59.2,inbound,6
ENT-00882,CPT-05455,1,1352.91,2025-12-06 00:09:30,2025-12-06 00:09:30,69.5,inbound,5
ENT-00891,CPT-01293,2,32642.87,2026-03-25 13:01:28,2026-06-05 09:07:54,70.0,inbound;outbound,7
ENT-00891,CPT-04661,1,1036.2,2026-06-30 12:12:22,2026-06-30 12:12:22,15.5,outbound,26
ENT-00902,CPT-00713,1,75.63,2025-10-13 19:45:44,2025-10-13 19:45:44,22.8,outbound,7
ENT-00902,CPT-01112,1,1684.39,2026-03-10 10:05:46,2026-03-10 10:05:46,27.5,inbound,49
ENT-00902,CPT-01149,5,4315.59,2025-08-19 11:56:00,2026-07-27 16:03:58,34.0,inbound;outbound,2
ENT-00902,CPT-01205,2,3737.79,2025-12-19 14:29:32,2026-04-08 15:18:21,24.7,inbound,2
ENT-00902,CPT-01293,2,2437.85,2026-01-16 20:03:11,2026-01-29 17:14:48,14.5,inbound;outbound,7
ENT-00902,CPT-01440,3,1690.86,2026-04-05 19:03:14,2026-04-28 18:37:49,36.0,inbound;outbound,22
ENT-00902,CPT-01742,2,4119.74,2026-03-31 14:46:39,2026-04-01 17:43:29,19.0,inbound;outbound,27
ENT-00902,CPT-01905,1,460.81,2026-05-15 09:13:21,2026-05-15 09:13:21,8.4,inbound,17
ENT-00902,CPT-02385,4,2577.05,2026-01-20 11:33:12,2026-07-07 14:54:26,33.1,inbound,3
ENT-00902,CPT-05636,1,1169.07,2025-11-28 19:04:54,2025-11-28 19:04:54,61.9,inbound,3
ENT-00907,CPT-00939,2,375.68,2026-01-28 10:34:55,2026-02-18 19:27:04,4.2,outbound,3
ENT-00907,CPT-01020,1,786.41,2026-01-05 14:08:47,2026-01-05 14:08:47,3.1,outbound,11
ENT-00907,CPT-01047,3,518.86,2025-08-24 09:21:07,2026-02-10 12:33:22,28.3,outbound,9
ENT-00907,CPT-01431,1,115.08,2025-09-02 10:31:36,2025-09-02 10:31:36,2.6,outbound,16
ENT-00907,CPT-01465,1,72.13,2026-05-19 17:35:53,2026-05-19 17:35:53,9.5,outbound,3
ENT-00907,CPT-01514,1,132.61,2026-06-11 22:38:47,2026-06-11 22:38:47,36.9,outbound,8
ENT-00907,CPT-03818,1,1527.25,2026-05-29 02:55:43,2026-05-29 02:55:43,69.7,inbound,3
ENT-00907,CPT-03983,2,277.65,2025-11-07 11:16:13,2026-05-13 22:31:00,27.3,outbound,33
ENT-00907,CPT-04402,1,1152.77,2026-05-27 14:59:30,2026-05-27 14:59:30,60.8,inbound,6
ENT-00917,CPT-00039,24,83203.91,2025-08-15 08:13:15,2026-07-31 10:04:45,32.1,inbound,4
ENT-00917,CPT-00473,12,17400.0,2025-08-01 15:48:28,2026-07-02 17:18:55,31.9,outbound,2
ENT-00917,CPT-01727,3,12123.38,2025-11-26 12:33:21,2026-04-13 13:48:01,69.4,outbound,12
ENT-00917,CPT-01742,4,15185.99,2025-11-18 17:20:45,2026-03-29 16:11:52,69.9,outbound,27
ENT-00917,CPT-01927,1,18000.0,2026-03-26 12:58:01,2026-03-26 12:58:01,69.6,outbound,18
ENT-00917,CPT-02034,2,17045.05,2026-02-20 14:14:04,2026-04-22 20:45:05,69.7,outbound,3
ENT-00917,CPT-03981,1,33.95,2026-06-23 17:13:42,2026-06-23 17:13:42,37.7,outbound,191
ENT-00917,CPT-04891,1,40.13,2025-12-27 09:52:28,2025-12-27 09:52:28,26.6,outbound,11
ENT-00917,CPT-05072,4,959.79,2025-12-10 17:48:09,2026-01-12 19:31:01,14.5,outbound,31
ENT-00918,CPT-01696,2,40000.0,2025-12-01 14:39:02,2025-12-13 17:18:37,69.9,outbound,2
ENT-00918,CPT-02286,2,436.72,2025-11-20 17:53:50,2026-01-03 18:55:28,27.9,outbound,17
ENT-00918,CPT-03981,2,838.49,2025-09-03 16:10:33,2026-05-05 09:33:08,35.8,outbound,191
ENT-00980,CPT-00088,24,43345.27,2025-08-15 09:41:44,2026-07-31 09:01:09,34.3,inbound,2
ENT-00980,CPT-00735,2,221.17,2025-11-25 15:24:43,2026-02-19 17:15:58,5.6,outbound,14
ENT-00980,CPT-00860,4,42473.34,2025-10-17 19:20:55,2026-03-21 15:41:12,69.9,outbound,16
ENT-00980,CPT-01727,3,21050.95,2025-12-12 18:04:32,2026-07-20 18:29:20,69.9,outbound,12
ENT-00980,CPT-03980,2,566.64,2025-10-24 12:33:38,2025-10-31 09:06:18,22.5,outbound,32
ENT-00980,CPT-03981,2,579.5,2026-01-25 10:39:45,2026-01-31 18:24:06,38.4,outbound,191
ENT-00980,CPT-05642,1,178.75,2026-07-16 08:03:31,2026-07-16 08:03:31,14.8,outbound,7
ENT-00982,CPT-00360,12,20700.0,2025-08-02 15:44:06,2026-07-01 21:00:30,39.5,outbound,9
ENT-00982,CPT-00932,1,478.44,2026-04-14 20:04:39,2026-04-14 20:04:39,21.9,outbound,6
ENT-00982,CPT-01096,1,295.06,2026-01-28 21:21:14,2026-01-28 21:21:14,25.8,outbound,17
ENT-00982,CPT-03637,1,1464.87,2025-11-01 10:02:31,2025-11-01 10:02:31,68.8,inbound,3
ENT-00982,CPT-04033,1,1107.49,2025-10-31 12:41:19,2025-10-31 12:41:19,31.1,inbound,6
ENT-00982,CPT-04153,1,1590.44,2025-11-02 19:52:51,2025-11-02 19:52:51,69.9,inbound,2
ENT-00982,CPT-04479,1,1712.03,2025-11-02 05:16:52,2025-11-02 05:16:52,70.0,inbound,2
ENT-00982,CPT-04678,2,228.11,2025-12-10 14:18:59,2026-07-21 20:24:12,22.8,outbound,8
ENT-00982,CPT-04931,1,38.97,2025-10-18 18:32:47,2025-10-18 18:32:47,27.4,outbound,5
ENT-00982,CPT-04971,1,1834.62,2025-10-31 14:14:53,2025-10-31 14:14:53,51.5,inbound,2
ENT-00982,CPT-05635,1,1666.09,2025-11-03 06:42:33,2025-11-03 06:42:33,69.9,inbound,4
ENT-01049,CPT-00103,14,30187.0,2025-08-15 08:02:37,2026-07-31 10:29:02,17.1,inbound,2
ENT-01049,CPT-01285,2,2558.62,2025-08-05 17:37:34,2026-05-04 18:41:48,32.3,outbound,25
ENT-01056,CPT-02399,5,16539.55,2025-09-09 14:11:58,2026-07-30 13:33:37,33.4,outbound,8
ENT-01056,CPT-02493,24,271345.98,2025-08-15 17:09:06,2026-07-31 17:45:10,39.9,outbound,101
ENT-01056,CPT-02692,4,31531.16,2025-10-07 16:22:49,2026-03-03 16:56:17,69.7,outbound,19
ENT-01056,CPT-03461,3,1843.46,2026-02-02 09:50:43,2026-06-25 11:10:42,36.0,outbound,4
ENT-01119,CPT-00830,3,7911.57,2025-12-16 09:34:36,2026-03-03 09:17:13,21.7,inbound,8
ENT-01119,CPT-01440,1,9379.76,2025-12-23 17:44:19,2025-12-23 17:44:19,18.2,inbound,22
ENT-01119,CPT-01548,1,20137.11,2025-08-05 16:12:22,2025-08-05 16:12:22,38.3,inbound,4
ENT-01119,CPT-01683,3,35411.2,2025-11-10 17:29:32,2026-06-10 09:39:50,32.4,inbound,13
ENT-01119,CPT-02181,2,12960.48,2025-10-13 15:18:19,2026-05-26 14:27:32,36.8,inbound,31
ENT-01119,CPT-02414,3,9602.57,2025-11-25 18:25:51,2026-07-30 12:47:08,50.7,outbound,22
ENT-01119,CPT-02695,8,19350.16,2025-09-23 18:20:35,2026-06-25 11:31:42,39.0,outbound,166
ENT-01119,CPT-02758,1,6228.3,2026-01-20 17:47:33,2026-01-20 17:47:33,39.2,outbound,35
ENT-01119,CPT-02908,5,15792.56,2025-08-26 18:09:29,2026-03-05 13:26:03,29.9,outbound,5
ENT-01119,CPT-03214,2,8547.59,2025-09-23 17:38:37,2026-01-20 17:21:53,37.6,outbound,5
ENT-01119,CPT-03258,5,9530.03,2025-08-26 17:16:30,2026-06-25 11:20:46,28.9,outbound,6
ENT-01119,CPT-03293,3,5511.54,2025-08-26 18:01:41,2026-06-25 11:26:33,36.3,outbound,3
ENT-01119,CPT-03297,3,5668.08,2026-05-05 15:45:13,2026-07-30 13:04:21,35.7,outbound,110
ENT-01119,CPT-03376,24,383216.98,2025-08-15 11:34:20,2026-07-31 12:49:07,39.6,outbound,16
ENT-01119,CPT-03933,1,726.89,2026-01-12 14:42:27,2026-01-12 14:42:27,13.8,inbound,15
ENT-01119,CPT-03981,2,14367.81,2026-03-09 09:30:51,2026-04-10 10:27:46,39.6,inbound,191
ENT-01119,CPT-04214,2,17341.29,2025-09-10 09:23:28,2025-12-04 16:35:25,23.9,inbound,7
ENT-01119,CPT-04350,2,36394.49,2025-11-06 13:41:57,2026-06-23 10:41:01,21.3,inbound,15
ENT-01119,CPT-04527,1,11027.96,2026-04-09 14:30:10,2026-04-09 14:30:10,27.1,inbound,7
ENT-01119,CPT-04532,2,49445.18,2025-09-26 10:51:06,2026-04-16 13:12:36,38.2,inbound,5
ENT-01119,CPT-04790,1,6028.55,2026-02-13 12:58:29,2026-02-13 12:58:29,27.6,inbound,7
ENT-01119,CPT-04830,1,7842.25,2025-12-24 11:26:50,2025-12-24 11:26:50,14.1,inbound,7
ENT-01119,CPT-05017,2,38264.76,2025-08-29 17:36:26,2026-06-25 11:14:19,38.7,inbound,64
ENT-01119,CPT-05642,1,11449.93,2026-02-05 11:25:24,2026-02-05 11:25:24,28.1,inbound,7
ENT-01119,CPT-05805,2,21557.04,2026-04-02 09:30:28,2026-06-26 14:17:39,39.1,inbound,10
ENT-01120,CPT-00829,3,124713.42,2025-11-11 16:11:36,2026-04-01 15:52:51,39.9,inbound,3
ENT-01120,CPT-01514,1,6591.0,2025-10-29 17:55:33,2025-10-29 17:55:33,16.9,inbound,8
ENT-01120,CPT-01924,1,2826.85,2025-10-02 14:17:58,2025-10-02 14:17:58,17.2,inbound,2
ENT-01120,CPT-02431,31,360322.16,2025-08-15 16:10:51,2026-07-31 13:38:50,68.5,outbound,30
ENT-01120,CPT-02652,5,10413.5,2025-08-19 12:41:12,2026-07-28 16:21:48,67.4,outbound,4
ENT-01120,CPT-02756,7,20325.71,2025-08-14 12:10:38,2026-07-28 16:37:10,34.3,outbound,17
ENT-01120,CPT-02787,2,9987.08,2025-09-02 12:30:18,2026-07-28 16:20:49,68.2,outbound,42
ENT-01120,CPT-02870,5,16323.42,2025-08-19 12:02:32,2026-06-16 17:57:34,39.0,outbound,54
ENT-01120,CPT-03297,8,38575.11,2025-08-19 12:16:05,2026-06-16 17:21:21,68.8,outbound,110
ENT-01120,CPT-03729,2,9740.75,2025-08-13 13:10:26,2026-07-10 13:46:11,29.0,inbound,69
ENT-01120,CPT-03981,3,30875.82,2025-11-26 10:49:48,2026-01-30 13:22:08,36.3,inbound,191
ENT-01120,CPT-04299,2,7338.35,2026-05-18 17:48:29,2026-06-24 09:54:38,34.2,inbound,44
ENT-01120,CPT-04303,2,3773.6,2025-08-19 16:15:01,2025-10-02 15:08:20,39.9,inbound,22
ENT-01120,CPT-04324,2,27512.51,2025-08-20 15:09:15,2025-11-28 14:31:27,39.9,inbound,71
ENT-01120,CPT-04337,1,18352.12,2026-04-29 14:43:54,2026-04-29 14:43:54,32.9,inbound,10
ENT-01120,CPT-04942,1,1600.89,2025-09-26 10:58:40,2025-09-26 10:58:40,20.3,inbound,36
ENT-01120,CPT-05007,2,22300.29,2025-11-24 17:45:52,2026-05-22 14:44:13,21.4,inbound,9
ENT-01120,CPT-05017,1,2199.48,2026-03-17 14:33:23,2026-03-17 14:33:23,38.1,inbound,64
ENT-01120,CPT-05086,2,15922.05,2025-10-15 17:49:51,2026-06-04 14:41:12,31.6,inbound,15
ENT-01120,CPT-05639,2,3762.13,2025-08-12 10:53:46,2025-12-11 10:16:42,29.4,inbound,3
ENT-01121,CPT-02695,7,21094.97,2025-08-25 17:50:48,2026-04-29 09:37:20,38.4,outbound,166
ENT-01121,CPT-02715,5,20658.63,2025-09-11 16:21:59,2026-03-17 14:46:38,34.6,outbound,13
ENT-01121,CPT-02772,3,1850.87,2025-09-26 12:09:11,2025-12-29 10:53:54,32.8,outbound,4
ENT-01121,CPT-02787,5,7432.2,2025-08-28 09:44:38,2026-05-21 16:54:17,39.9,outbound,42
ENT-01121,CPT-03297,24,273585.99,2025-08-15 11:21:08,2026-07-31 12:24:14,39.2,outbound,110
ENT-01122,CPT-00826,2,14519.7,2025-10-17 17:50:18,2026-06-04 12:35:07,18.3,inbound,4
ENT-01122,CPT-00897,2,10049.1,2025-09-23 11:50:27,2025-12-12 13:29:23,13.4,inbound,4
ENT-01122,CPT-01061,2,6624.28,2025-10-28 09:08:46,2026-04-15 09:12:13,20.8,inbound,5
ENT-01122,CPT-01112,2,16046.96,2025-09-09 12:29:36,2025-10-02 13:42:58,23.7,inbound,49
ENT-01122,CPT-01431,3,34567.78,2026-02-18 12:52:49,2026-07-30 16:27:40,34.4,inbound,16
ENT-01122,CPT-01522,3,9223.14,2025-09-30 10:09:00,2026-04-30 16:41:01,20.4,inbound,7
ENT-01122,CPT-01607,2,6474.14,2025-08-08 17:27:57,2026-07-24 12:02:41,31.8,inbound,4
ENT-01122,CPT-02161,1,15996.24,2025-12-31 13:57:40,2025-12-31 13:57:40,58.5,inbound,27
ENT-01122,CPT-02500,3,16375.89,2026-01-01 17:23:18,2026-01-01 17:50:36,67.7,outbound,60
ENT-01122,CPT-02695,6,12532.87,2025-11-25 11:46:22,2026-07-07 13:57:25,66.1,outbound,166
ENT-01122,CPT-02771,3,6945.44,2026-01-01 17:18:24,2026-06-25 17:55:40,52.7,outbound,25
ENT-01122,CPT-03119,2,3482.2,2025-11-25 11:47:54,2026-06-25 18:01:54,23.4,outbound,2
ENT-01122,CPT-03206,24,307553.74,2025-08-15 11:49:01,2026-07-31 10:25:24,48.5,outbound,38
ENT-01122,CPT-03248,6,42113.1,2026-01-01 17:24:41,2026-07-07 14:17:11,59.1,outbound,12
ENT-01122,CPT-03448,4,11059.77,2025-11-25 12:03:49,2026-07-07 14:02:02,34.9,outbound,12
ENT-01122,CPT-03693,1,24068.06,2026-03-17 10:11:41,2026-03-17 10:11:41,33.3,inbound,4
ENT-01122,CPT-04324,4,62222.77,2025-08-05 17:33:27,2026-04-09 15:43:37,36.6,inbound,71
ENT-01122,CPT-04745,4,62931.39,2025-08-21 11:10:15,2026-03-25 10:25:53,39.2,inbound,2
ENT-01122,CPT-04942,3,9038.79,2025-10-10 10:00:40,2026-05-12 16:05:04,14.9,inbound,36
ENT-01122,CPT-05017,3,22126.83,2025-10-20 11:32:50,2026-06-09 13:52:08,23.8,inbound,64
ENT-01122,CPT-05664,2,6038.57,2026-01-22 14:27:37,2026-04-14 12:31:41,19.9,inbound,5
ENT-01122,CPT-05830,4,51517.56,2025-08-22 12:11:05,2026-07-27 15:25:02,38.8,inbound,5
ENT-01126,CPT-01383,2,15444.75,2025-11-17 14:08:02,2026-05-05 14:39:01,14.2,inbound,13
ENT-01126,CPT-02748,1,410.11,2026-01-22 09:44:03,2026-01-22 09:44:03,59.3,outbound,13
ENT-01126,CPT-02852,26,273039.86,2025-08-15 13:00:04,2026-07-31 09:44:41,63.7,outbound,13
ENT-01126,CPT-02878,4,8794.71,2025-11-06 09:53:01,2026-06-16 11:51:52,33.2,outbound,5
ENT-01126,CPT-02929,3,12119.36,2026-01-22 10:07:59,2026-06-16 11:29:49,62.0,outbound,15
ENT-01126,CPT-03085,3,11463.3,2025-11-06 10:20:06,2026-05-14 15:20:02,38.5,outbound,9
ENT-01126,CPT-03330,2,4200.1,2025-11-06 09:54:20,2026-05-05 18:07:36,26.7,outbound,67
ENT-01126,CPT-03534,2,6811.07,2026-01-22 10:06:34,2026-01-22 10:21:49,67.7,outbound,30
ENT-01126,CPT-03981,2,15012.93,2026-01-02 13:36:47,2026-06-05 11:10:59,38.7,inbound,191
ENT-01126,CPT-04114,1,7724.38,2025-08-26 12:10:25,2025-08-26 12:10:25,9.5,inbound,19
ENT-01126,CPT-04280,1,3919.4,2025-08-04 13:00:02,2025-08-04 13:00:02,29.5,inbound,7
ENT-01126,CPT-04832,3,20213.71,2025-08-28 16:00:39,2026-06-01 17:53:04,33.5,inbound,25
ENT-01126,CPT-04942,1,5262.76,2026-07-21 10:29:38,2026-07-21 10:29:38,24.7,inbound,36
ENT-01126,CPT-05017,1,7766.97,2025-08-14 14:29:55,2025-08-14 14:29:55,19.2,inbound,64
ENT-01126,CPT-05078,2,17004.9,2025-10-20 14:53:22,2026-04-27 09:01:19,28.3,inbound,49
ENT-01130,CPT-01727,2,19863.41,2026-03-02 09:02:20,2026-03-05 09:46:56,49.1,inbound,12
ENT-01130,CPT-01905,1,3277.06,2026-07-09 13:05:45,2026-07-09 13:05:45,32.6,inbound,17
ENT-01130,CPT-02498,1,1130.55,2025-12-02 15:28:15,2025-12-02 15:28:15,29.4,outbound,45
ENT-01130,CPT-02623,24,394102.51,2025-08-15 11:40:05,2026-07-31 12:58:30,40.0,outbound,6
ENT-01130,CPT-02630,5,17451.02,2025-11-25 17:42:14,2026-06-30 11:59:29,39.6,outbound,5
ENT-01130,CPT-02695,3,2592.13,2025-09-23 12:16:42,2025-12-02 15:39:29,36.5,outbound,166
ENT-01130,CPT-02715,2,8369.7,2026-06-23 16:10:38,2026-06-30 11:29:22,39.0,outbound,13
ENT-01130,CPT-03116,5,7601.34,2025-11-25 11:58:54,2026-03-05 13:58:57,67.5,outbound,17
ENT-01130,CPT-03330,4,9764.01,2025-11-25 11:39:57,2026-05-28 13:41:06,51.1,outbound,67
ENT-01130,CPT-03729,2,4087.67,2025-10-21 13:12:59,2026-04-06 16:29:52,21.5,inbound,69
ENT-01130,CPT-03981,1,16548.49,2026-07-10 10:13:04,2026-07-10 10:13:04,39.8,inbound,191
ENT-01130,CPT-04114,1,1909.14,2026-06-25 09:48:11,2026-06-25 09:48:11,38.8,inbound,19
ENT-01130,CPT-04324,1,14285.04,2025-08-19 15:26:12,2025-08-19 15:26:12,35.6,inbound,71
ENT-01130,CPT-04400,3,11543.3,2025-10-14 15:10:37,2026-03-04 12:09:35,11.8,inbound,11
ENT-01130,CPT-04945,3,19868.93,2025-10-16 11:40:28,2026-07-06 14:58:57,39.4,inbound,24
ENT-01130,CPT-04964,2,10509.7,2026-02-16 15:56:03,2026-07-09 16:20:31,34.5,inbound,12
ENT-01130,CPT-05664,1,17968.72,2026-07-30 17:03:03,2026-07-30 17:03:03,23.2,inbound,5
ENT-01135,CPT-00770,2,8379.02,2025-11-17 12:22:11,2025-11-18 16:19:49,31.5,inbound,5
ENT-01135,CPT-01742,1,5739.14,2026-06-12 15:16:19,2026-06-12 15:16:19,19.8,inbound,27
ENT-01135,CPT-02493,14,33771.83,2025-10-28 12:34:50,2026-06-30 11:17:31,69.7,outbound,101
ENT-01135,CPT-02500,7,52544.25,2025-08-12 10:42:04,2026-05-26 18:27:53,39.7,outbound,60
ENT-01135,CPT-02692,11,59975.88,2025-08-12 09:57:42,2026-06-30 11:04:49,37.9,outbound,19
ENT-01135,CPT-02695,8,17576.83,2025-10-28 12:05:00,2026-05-26 18:27:31,69.8,outbound,166
ENT-01135,CPT-03637,2,21443.48,2025-08-04 10:50:59,2026-05-15 10:28:11,35.9,inbound,3
ENT-01135,CPT-03695,4,15367.57,2025-11-11 13:22:34,2026-05-18 17:54:57,37.7,inbound,12
ENT-01135,CPT-03729,3,30904.97,2025-09-01 16:56:22,2026-02-17 17:38:54,68.4,inbound,69
ENT-01135,CPT-03981,3,9076.79,2026-01-06 09:20:56,2026-05-11 13:46:21,36.2,inbound,191
ENT-01135,CPT-03983,1,7089.22,2025-10-07 15:43:38,2025-10-07 15:43:38,17.4,inbound,33
ENT-01135,CPT-04288,1,23584.01,2026-07-08 10:35:10,2026-07-08 10:35:10,25.1,inbound,2
ENT-01135,CPT-04299,1,9891.2,2025-08-08 09:38:46,2025-08-08 09:38:46,37.0,inbound,44
ENT-01135,CPT-05805,1,2380.0,2025-11-19 14:47:11,2025-11-19 14:47:11,28.8,inbound,10
ENT-01150,CPT-01449,2,2119.37,2025-09-08 09:12:52,2026-07-28 17:27:19,28.2,inbound,7
ENT-01150,CPT-01698,1,1716.28,2025-09-06 10:06:52,2025-09-06 10:06:52,29.4,inbound,4
ENT-01150,CPT-01734,3,6305.95,2026-06-15 13:41:53,2026-07-24 11:42:34,14.6,inbound,3
ENT-01150,CPT-01905,1,2347.12,2026-06-14 17:35:00,2026-06-14 17:35:00,35.0,inbound,17
ENT-01150,CPT-02312,4,11001.44,2025-08-05 10:56:12,2026-04-04 10:48:40,30.8,inbound,10
ENT-01150,CPT-02418,1,9227.53,2025-10-15 12:01:04,2025-10-15 12:01:04,9.6,outbound,28
ENT-01150,CPT-02695,1,1116.84,2025-08-28 14:34:00,2025-08-28 14:34:00,13.5,outbound,166
ENT-01150,CPT-03206,1,684.74,2025-09-22 17:09:21,2025-09-22 17:09:21,14.3,outbound,38
ENT-01150,CPT-03242,1,10264.98,2026-02-19 13:49:37,2026-02-19 13:49:37,35.8,outbound,34
ENT-01150,CPT-03558,1,2856.39,2026-07-01 15:02:44,2026-07-01 15:02:44,27.0,outbound,7
ENT-01150,CPT-03729,3,6122.47,2026-04-26 14:59:20,2026-07-20 15:54:14,33.7,inbound,69
ENT-01150,CPT-04419,3,4601.73,2025-09-21 09:50:44,2026-06-09 10:33:59,38.6,inbound,11
ENT-01150,CPT-04727,4,9540.71,2026-01-05 14:42:21,2026-05-14 09:11:38,23.6,inbound,4
ENT-01150,CPT-04855,2,3732.53,2025-09-15 14:51:51,2026-03-03 09:08:19,20.9,inbound,18
ENT-01150,CPT-04990,3,4210.65,2025-11-28 09:27:03,2026-02-18 09:59:28,36.8,inbound,2
ENT-01150,CPT-05944,1,72763.91,2025-11-18 16:34:15,2025-11-18 16:34:15,69.6,inbound,3
ENT-01151,CPT-00860,2,21038.22,2026-03-10 16:05:10,2026-06-30 16:28:54,33.7,inbound,16
ENT-01151,CPT-00932,2,20347.16,2025-09-19 17:12:20,2026-04-03 10:10:34,29.1,inbound,6
ENT-01151,CPT-01734,3,30067.14,2026-01-02 12:49:32,2026-07-13 17:31:03,33.5,inbound,3
ENT-01151,CPT-02431,3,16882.65,2025-08-14 11:44:46,2025-08-21 13:42:15,36.5,outbound,30
ENT-01151,CPT-02692,2,7299.52,2025-08-14 11:33:23,2025-09-04 18:54:42,38.5,outbound,19
ENT-01151,CPT-02695,29,346021.8,2025-08-15 13:32:42,2026-07-31 11:27:35,40.0,outbound,166
ENT-01151,CPT-02758,9,23614.62,2025-08-14 10:57:55,2026-07-07 16:58:47,36.2,outbound,35
ENT-01151,CPT-03248,4,14784.48,2025-08-14 11:06:39,2026-06-04 13:55:56,31.8,outbound,12
ENT-01151,CPT-03297,4,6900.28,2025-08-21 13:30:51,2026-07-07 16:10:22,37.5,outbound,110
ENT-01151,CPT-03989,1,511.03,2026-05-15 11:29:07,2026-05-15 11:29:07,36.1,inbound,14
ENT-01151,CPT-04299,2,10492.79,2025-10-30 13:03:08,2026-02-04 11:14:57,14.7,inbound,44
ENT-01151,CPT-04324,5,66122.43,2025-08-26 16:30:22,2026-06-16 15:16:06,62.7,inbound,71
ENT-01151,CPT-04419,2,10796.16,2026-03-05 11:20:38,2026-06-25 12:04:21,28.3,inbound,11
ENT-01151,CPT-04808,2,24943.86,2025-09-26 17:36:47,2025-10-24 13:23:45,28.0,inbound,6
ENT-01151,CPT-05086,2,20614.37,2025-11-17 12:57:17,2026-01-05 13:33:23,17.5,inbound,15
ENT-01151,CPT-05830,5,98980.49,2025-09-02 10:35:58,2026-06-26 16:27:10,39.6,inbound,5
ENT-01159,CPT-00829,3,51492.08,2026-02-09 09:34:33,2026-07-24 15:32:08,37.2,inbound,3
ENT-01159,CPT-01285,2,13362.92,2025-12-23 13:35:18,2026-07-14 12:44:10,25.0,inbound,25
ENT-01159,CPT-01552,2,22744.1,2025-09-19 14:26:54,2025-12-02 13:47:24,34.8,inbound,8
ENT-01159,CPT-01727,1,30190.23,2026-06-04 12:01:53,2026-06-04 12:01:53,35.5,inbound,12
ENT-01159,CPT-02081,1,9384.26,2025-12-19 10:43:07,2025-12-19 10:43:07,17.8,inbound,5
ENT-01159,CPT-02498,3,4224.06,2025-11-11 09:51:40,2026-04-14 18:42:30,50.6,outbound,45
ENT-01159,CPT-02530,4,8637.35,2025-09-11 10:39:40,2025-11-20 16:03:34,36.4,outbound,3
ENT-01159,CPT-02695,7,10259.16,2025-08-28 17:49:22,2026-04-14 18:22:53,37.3,outbound,166
ENT-01159,CPT-03037,5,7087.66,2025-08-28 17:57:55,2025-11-20 15:36:32,61.6,outbound,10
ENT-01159,CPT-03330,26,302676.8,2025-08-15 13:37:18,2026-07-31 11:56:36,39.6,outbound,67
ENT-01159,CPT-03448,4,11022.02,2025-08-28 17:44:40,2025-11-20 15:57:47,62.8,outbound,12
ENT-01159,CPT-03981,4,24568.36,2025-08-20 12:32:40,2026-04-07 15:31:46,35.3,inbound,191
ENT-01159,CPT-03983,5,29678.14,2026-03-27 12:41:22,2026-07-17 13:28:04,27.4,inbound,33
ENT-01159,CPT-04832,2,3805.98,2025-11-10 16:59:29,2026-03-17 15:19:32,10.9,inbound,25
ENT-01159,CPT-05072,1,5513.91,2026-07-03 13:33:51,2026-07-03 13:33:51,17.1,inbound,31
ENT-01159,CPT-05691,1,2715.55,2025-08-18 14:34:11,2025-08-18 14:34:11,21.2,inbound,9
ENT-01159,CPT-05706,3,16030.02,2026-02-24 16:35:52,2026-05-20 16:02:38,17.7,inbound,14
ENT-01159,CPT-05766,1,11531.67,2025-09-05 11:27:39,2025-09-05 11:27:39,36.3,inbound,6
ENT-01175,CPT-01112,7,24762.99,2025-11-18 14:05:51,2026-06-01 14:32:11,37.9,inbound,49
ENT-01175,CPT-01285,3,7155.48,2025-08-28 13:27:49,2025-10-08 10:13:10,14.4,inbound,25
ENT-01175,CPT-01552,1,3218.72,2025-08-06 16:44:29,2025-08-06 16:44:29,34.3,inbound,8
ENT-01175,CPT-02394,4,17077.68,2025-08-06 11:48:47,2026-07-10 16:27:57,29.4,outbound,4
ENT-01175,CPT-02486,4,6439.36,2025-12-02 15:25:02,2026-06-03 12:56:53,27.7,outbound,11
ENT-01175,CPT-02530,24,305579.6,2025-08-15 14:59:46,2026-07-31 12:45:09,39.6,outbound,3
ENT-01175,CPT-02695,5,11581.32,2025-08-27 09:25:46,2026-05-12 16:33:57,39.4,outbound,166
ENT-01175,CPT-02889,1,1886.86,2025-09-26 12:29:53,2025-09-26 12:29:53,27.1,outbound,3
ENT-01175,CPT-03006,2,10082.99,2025-10-30 16:49:28,2026-05-05 13:23:35,33.1,outbound,7
ENT-01175,CPT-03448,1,495.18,2025-11-07 16:56:54,2025-11-07 16:56:54,22.9,outbound,12
ENT-01175,CPT-03817,1,960.48,2025-11-12 16:50:44,2025-11-12 16:50:44,8.3,inbound,9
ENT-01175,CPT-03980,3,19627.04,2025-10-20 15:21:19,2026-01-21 11:42:43,18.4,inbound,32
ENT-01175,CPT-03981,2,10836.46,2025-09-24 13:33:28,2026-02-25 17:47:48,36.7,inbound,191
ENT-01175,CPT-04324,2,44420.39,2025-08-15 11:22:10,2026-02-20 11:32:09,34.0,inbound,71
ENT-01175,CPT-04592,1,25351.35,2025-10-10 11:51:37,2025-10-10 11:51:37,26.5,inbound,17
ENT-01175,CPT-05017,2,16839.66,2026-05-15 09:37:13,2026-05-20 13:27:00,24.1,inbound,64
ENT-01175,CPT-05455,3,4906.7,2025-09-15 10:53:42,2026-06-24 17:08:52,10.4,inbound,5
ENT-01184,CPT-00678,1,465.82,2025-09-01 10:13:21,2025-09-01 10:13:21,8.2,inbound,4
ENT-01184,CPT-00932,4,37014.82,2025-10-02 16:34:40,2026-06-25 10:56:39,35.3,inbound,6
ENT-01184,CPT-01944,1,3895.5,2026-01-20 16:29:43,2026-01-20 16:29:43,7.8,inbound,2
ENT-01184,CPT-02414,16,25736.04,2025-08-21 13:13:24,2026-06-16 12:25:06,64.6,outbound,22
ENT-01184,CPT-02500,12,40457.9,2025-08-21 13:20:01,2026-06-04 15:19:25,36.5,outbound,60
ENT-01184,CPT-02695,20,53957.07,2025-08-21 12:47:58,2026-06-04 15:01:44,39.2,outbound,166
ENT-01184,CPT-03283,24,371521.32,2025-08-15 13:18:38,2026-07-31 13:08:07,49.6,outbound,3
ENT-01184,CPT-03330,10,20215.28,2025-10-21 12:31:32,2026-06-04 14:42:21,36.2,outbound,67
ENT-01184,CPT-03729,5,14233.97,2026-01-07 09:19:12,2026-06-25 16:55:27,38.8,inbound,69
ENT-01184,CPT-04299,3,10318.13,2025-10-29 13:41:52,2025-12-17 10:42:13,39.7,inbound,44
ENT-01184,CPT-04303,2,3731.58,2025-11-14 11:14:03,2026-03-06 10:30:24,32.9,inbound,22
ENT-01184,CPT-04727,2,15609.34,2025-10-21 16:56:24,2026-07-21 09:31:16,38.7,inbound,4
ENT-01184,CPT-05017,1,2798.93,2026-05-11 09:29:44,2026-05-11 09:29:44,36.3,inbound,64
ENT-01184,CPT-05072,3,27163.07,2025-11-25 17:48:34,2026-07-31 13:34:59,36.5,inbound,31
ENT-01184,CPT-05398,4,53964.19,2025-10-31 14:32:07,2026-05-13 16:23:33,39.2,inbound,2
ENT-01184,CPT-05783,6,50497.49,2026-01-15 12:34:00,2026-07-01 16:49:39,36.8,inbound,2
ENT-01188,CPT-02500,9,11485.3,2025-10-02 11:20:25,2026-05-19 10:21:58,39.9,outbound,60
ENT-01188,CPT-02695,5,15480.08,2025-11-13 13:11:04,2026-05-19 10:17:52,61.9,outbound,166
ENT-01188,CPT-02889,5,17009.88,2025-10-16 18:33:51,2026-05-14 17:18:22,69.8,outbound,3
ENT-01188,CPT-02925,3,7718.34,2025-10-16 18:35:47,2025-11-11 11:48:50,69.9,outbound,6
ENT-01188,CPT-02929,2,2449.74,2025-11-18 13:55:13,2025-12-11 12:17:23,38.8,outbound,15
ENT-01188,CPT-03414,4,6014.16,2025-11-13 13:04:07,2026-05-19 11:03:15,61.2,outbound,8
ENT-01188,CPT-03534,8,31647.37,2025-10-14 13:16:44,2026-05-19 10:36:37,68.3,outbound,30
ENT-01188,CPT-03558,4,4783.75,2025-10-14 13:56:44,2026-05-14 17:57:57,66.1,outbound,7
ENT-01188,CPT-03584,11,59155.27,2025-10-14 13:49:51,2026-05-14 17:11:24,39.4,outbound,8
ENT-01188,CPT-03980,2,13131.02,2025-11-24 16:05:17,2025-12-09 10:10:29,37.8,inbound,32
ENT-01188,CPT-03981,2,10565.26,2025-08-28 09:46:19,2026-02-02 15:43:19,36.7,inbound,191
ENT-01188,CPT-04004,2,33413.2,2025-09-09 14:58:39,2025-12-29 14:46:25,37.8,inbound,7
ENT-01188,CPT-05086,2,15805.46,2026-04-06 11:34:10,2026-06-26 17:19:21,19.3,inbound,15
ENT-01188,CPT-05414,2,28339.25,2026-01-21 10:19:36,2026-07-23 13:33:06,25.6,inbound,22
ENT-01199,CPT-01954,2,4332.55,2025-11-21 16:26:56,2026-02-04 11:30:56,19.4,inbound,3
ENT-01199,CPT-02498,2,1870.94,2026-04-21 15:59:34,2026-07-27 09:51:19,34.4,outbound,45
ENT-01199,CPT-02695,1,1373.54,2025-12-09 11:17:32,2025-12-09 11:17:32,22.6,outbound,166
ENT-01199,CPT-02965,2,8852.61,2025-09-03 17:44:04,2025-11-21 09:02:11,14.5,outbound,4
ENT-01199,CPT-03206,24,297394.94,2025-08-15 15:57:25,2026-07-31 11:00:07,39.1,outbound,38
ENT-01199,CPT-03461,3,33064.7,2025-10-10 16:04:44,2026-06-29 11:51:16,69.2,outbound,4
ENT-01199,CPT-03729,1,1228.66,2026-06-04 16:07:01,2026-06-04 16:07:01,17.9,inbound,69
ENT-01199,CPT-03731,4,54130.47,2026-04-08 11:06:44,2026-06-23 16:46:03,34.2,inbound,22
ENT-01199,CPT-03981,2,1658.28,2025-12-25 13:39:15,2026-04-15 09:15:31,38.2,inbound,191
ENT-01199,CPT-04350,2,2091.22,2026-04-03 16:31:53,2026-04-08 15:59:41,19.5,inbound,15
ENT-01199,CPT-04960,1,9412.14,2026-06-10 14:37:43,2026-06-10 14:37:43,6.5,inbound,3
ENT-01199,CPT-05017,2,2805.98,2025-10-15 09:46:48,2026-01-22 11:35:52,18.9,inbound,64
ENT-01199,CPT-05078,1,2997.05,2025-09-04 11:46:46,2025-09-04 11:46:46,19.4,inbound,49
ENT-01199,CPT-05362,6,43003.85,2025-08-22 14:13:50,2026-05-01 09:01:47,32.3,inbound,5
ENT-01199,CPT-05958,1,5425.22,2026-07-23 11:39:46,2026-07-23 11:39:46,21.2,inbound,13
ENT-01203,CPT-00860,1,17180.46,2026-04-20 12:02:59,2026-04-20 12:02:59,19.9,inbound,16
ENT-01203,CPT-01386,1,361.13,2026-02-25 14:54:09,2026-02-25 14:54:09,1.5,inbound,3
ENT-01203,CPT-02431,4,4534.85,2025-10-16 14:04:00,2026-04-23 15:53:10,51.0,outbound,30
ENT-01203,CPT-02493,1,581.15,2025-12-18 12:18:22,2025-12-18 12:18:22,39.8,outbound,101
ENT-01203,CPT-02500,2,8168.08,2025-10-16 14:26:36,2026-04-23 15:59:54,36.1,outbound,60
ENT-01203,CPT-02555,1,905.27,2026-05-19 10:17:03,2026-05-19 10:17:03,29.2,outbound,5
ENT-01203,CPT-02595,3,18902.58,2025-12-18 12:01:23,2026-05-19 09:42:05,39.0,outbound,10
ENT-01203,CPT-02695,3,9270.07,2026-03-19 12:36:44,2026-05-19 09:51:23,68.7,outbound,166
ENT-01203,CPT-03068,24,314957.37,2025-08-15 14:16:39,2026-07-31 17:18:26,40.0,outbound,22
ENT-01203,CPT-03197,3,15904.88,2025-08-19 12:20:26,2026-06-30 12:17:01,29.7,outbound,39
ENT-01203,CPT-03204,2,9134.69,2025-12-18 12:09:29,2026-06-30 12:20:45,39.4,outbound,9
ENT-01203,CPT-03242,4,8559.15,2025-08-19 12:00:32,2026-05-19 10:00:30,39.2,outbound,34
ENT-01203,CPT-03297,2,11034.71,2025-12-18 12:35:55,2026-03-19 12:28:37,66.1,outbound,110
ENT-01203,CPT-03307,5,16272.11,2025-08-19 12:42:29,2026-04-23 16:46:46,67.7,outbound,7
ENT-01203,CPT-03692,1,2002.53,2026-01-15 12:48:48,2026-01-15 12:48:48,32.7,inbound,3
ENT-01203,CPT-03729,3,12846.41,2025-11-18 17:25:00,2026-07-03 12:04:22,39.3,inbound,69
ENT-01203,CPT-03795,2,10398.72,2025-11-04 11:21:01,2026-06-29 12:11:48,16.3,inbound,9
ENT-01203,CPT-03981,3,34554.06,2025-08-11 11:50:34,2026-07-03 11:07:33,39.8,inbound,191
ENT-01203,CPT-04033,2,13849.04,2025-11-26 13:07:41,2026-06-01 17:24:44,29.4,inbound,6
ENT-01203,CPT-04280,1,14421.97,2026-02-17 11:30:51,2026-02-17 11:30:51,16.1,inbound,7
ENT-01203,CPT-04428,1,26381.5,2025-12-10 20:52:55,2025-12-10 20:52:55,70.0,outbound,3
ENT-01203,CPT-04592,4,34825.3,2025-08-20 12:49:58,2026-07-22 14:05:56,35.3,inbound,17
ENT-01203,CPT-04832,1,15844.47,2026-01-02 12:53:43,2026-01-02 12:53:43,39.2,inbound,25
ENT-01203,CPT-04960,1,11094.91,2026-07-09 11:25:40,2026-07-09 11:25:40,23.4,inbound,3
ENT-01203,CPT-05179,1,129156.32,2025-12-09 09:48:18,2025-12-09 09:48:18,70.0,inbound,4
ENT-01203,CPT-05254,1,3010.25,2025-10-30 12:30:23,2025-10-30 12:30:23,27.2,inbound,18
ENT-01203,CPT-05357,1,14383.11,2026-03-12 10:54:32,2026-03-12 10:54:32,20.7,inbound,5
ENT-01203,CPT-05618,1,10120.65,2025-08-18 17:11:52,2025-08-18 17:11:52,26.4,inbound,6
ENT-01203,CPT-05642,1,1791.08,2025-10-14 10:57:44,2025-10-14 10:57:44,16.3,inbound,7
ENT-01203,CPT-05752,1,8036.41,2025-09-03 09:24:38,2025-09-03 09:24:38,19.7,inbound,4
ENT-01203,CPT-05783,2,50708.78,2025-10-03 09:40:12,2026-03-25 10:27:56,39.5,inbound,2
ENT-01216,CPT-02493,4,4470.86,2025-08-20 15:59:32,2026-03-09 10:13:55,39.4,outbound,101
ENT-01216,CPT-02498,1,915.98,2026-04-03 16:15:00,2026-04-03 16:15:00,33.7,outbound,45
ENT-01216,CPT-02595,2,2019.98,2026-02-16 14:00:11,2026-06-16 16:41:57,35.9,outbound,10
ENT-01216,CPT-02715,4,11038.91,2025-11-04 12:39:49,2026-04-08 14:40:44,39.1,outbound,13
ENT-01216,CPT-02787,3,20725.33,2025-08-20 12:11:51,2026-03-04 12:05:13,39.1,outbound,42
ENT-01216,CPT-02870,1,1232.2,2026-03-30 13:15:46,2026-03-30 13:15:46,32.5,outbound,54
ENT-01216,CPT-03206,1,755.38,2025-12-17 13:17:55,2025-12-17 13:17:55,8.4,outbound,38
ENT-01228,CPT-00829,2,13544.28,2025-09-22 09:33:52,2026-01-20 15:09:15,31.3,inbound,3
ENT-01228,CPT-02272,4,18169.27,2025-10-30 10:46:18,2026-04-23 09:45:38,18.3,inbound,5
ENT-01228,CPT-02756,7,13639.77,2026-06-16 13:49:23,2026-07-16 18:22:34,69.6,outbound,17
ENT-01228,CPT-02821,15,32122.29,2025-11-20 16:10:02,2026-07-16 18:51:22,69.7,outbound,28
ENT-01228,CPT-03113,24,325663.15,2025-08-15 14:29:55,2026-07-31 13:35:24,39.7,outbound,4
ENT-01228,CPT-03297,9,12375.6,2025-11-20 16:21:08,2026-07-09 13:47:40,70.0,outbound,110
ENT-01228,CPT-03330,6,35060.52,2025-11-20 16:15:00,2026-07-16 18:29:47,70.0,outbound,67
ENT-01228,CPT-03981,2,8344.9,2025-08-01 10:31:34,2026-03-06 13:10:27,39.1,inbound,191
ENT-01228,CPT-04114,1,735.71,2025-10-27 15:23:46,2025-10-27 15:23:46,7.1,inbound,19
ENT-01228,CPT-05017,3,12738.62,2025-08-15 15:54:03,2026-04-09 12:23:41,29.9,inbound,64
ENT-01228,CPT-05414,5,83122.07,2025-08-13 15:33:36,2026-06-22 14:52:49,69.8,inbound,22
ENT-01230,CPT-01431,1,3085.37,2026-02-11 14:07:38,2026-02-11 14:07:38,8.4,inbound,16
ENT-01230,CPT-02059,4,24895.49,2025-08-04 13:14:02,2026-05-14 11:15:48,38.5,inbound,6
ENT-01230,CPT-02493,2,5025.8,2025-09-23 14:54:30,2026-06-18 14:41:50,20.7,outbound,101
ENT-01230,CPT-02695,2,3580.75,2025-12-18 15:10:45,2026-01-12 14:58:29,39.4,outbound,166
ENT-01230,CPT-02771,2,16699.32,2025-10-22 09:59:32,2026-05-14 14:25:28,33.7,outbound,25
ENT-01230,CPT-02784,1,3487.25,2026-07-08 12:48:52,2026-07-08 12:48:52,25.7,outbound,40
ENT-01230,CPT-03297,3,7460.28,2025-11-21 17:22:38,2026-04-23 14:35:35,21.9,outbound,110
ENT-01230,CPT-03330,2,1345.52,2026-01-27 11:52:44,2026-04-20 15:34:53,25.1,outbound,67
ENT-01230,CPT-03376,3,2518.07,2025-10-01 15:09:07,2026-04-28 14:39:35,35.6,outbound,16
ENT-01230,CPT-03729,1,2429.36,2026-01-16 12:10:30,2026-01-16 12:10:30,30.6,inbound,69
ENT-01230,CPT-03817,4,26810.91,2025-11-10 12:09:43,2026-07-02 16:51:26,24.6,inbound,9
ENT-01230,CPT-03981,1,3390.01,2026-06-10 17:56:10,2026-06-10 17:56:10,37.3,inbound,191
ENT-01230,CPT-03983,5,51426.18,2025-08-06 17:50:17,2026-06-26 16:55:45,39.5,inbound,33
ENT-01230,CPT-04114,1,4425.23,2026-04-29 13:14:23,2026-04-29 13:14:23,14.6,inbound,19
ENT-01230,CPT-04527,2,15393.63,2025-12-15 10:36:16,2026-01-12 09:30:19,15.8,inbound,7
ENT-01230,CPT-04707,1,7378.3,2025-11-14 11:29:15,2025-11-14 11:29:15,17.3,inbound,4
ENT-01230,CPT-04855,1,1663.87,2026-02-24 16:54:04,2026-02-24 16:54:04,6.4,inbound,18
ENT-01230,CPT-04907,3,6600.08,2025-08-07 09:31:57,2026-04-02 09:27:55,37.3,inbound,5
ENT-01230,CPT-05045,1,12292.89,2025-11-12 10:59:11,2025-11-12 10:59:11,16.7,inbound,2
ENT-01230,CPT-05086,1,40171.7,2026-04-07 09:39:40,2026-04-07 09:39:40,34.6,inbound,15
ENT-01230,CPT-05240,1,9811.71,2026-01-06 14:56:24,2026-01-06 14:56:24,6.9,inbound,6
ENT-01230,CPT-05752,3,8058.81,2025-10-01 11:14:32,2026-07-10 17:35:45,34.8,inbound,4
ENT-01230,CPT-05824,2,2849.05,2025-12-18 13:51:39,2026-02-18 16:59:24,13.2,inbound,13
ENT-01252,CPT-01112,1,4699.46,2026-06-23 15:17:15,2026-06-23 15:17:15,30.5,inbound,49
ENT-01252,CPT-02493,8,30390.13,2025-09-16 15:24:39,2026-07-16 18:19:02,49.7,outbound,101
ENT-01252,CPT-02498,1,5145.98,2026-07-02 12:17:04,2026-07-02 12:17:04,23.5,outbound,45
ENT-01252,CPT-02821,30,386263.08,2025-08-15 09:46:56,2026-07-31 10:25:11,55.5,outbound,28
ENT-01252,CPT-02852,4,3609.92,2025-09-16 15:01:19,2026-02-26 16:48:53,52.7,outbound,13
ENT-01252,CPT-02870,9,35810.26,2025-09-16 14:52:15,2026-07-02 12:32:51,29.7,outbound,54
ENT-01252,CPT-03297,6,21483.65,2025-11-27 14:05:31,2026-07-16 17:49:11,32.9,outbound,110
ENT-01252,CPT-03574,4,12333.52,2026-01-20 12:17:17,2026-04-09 15:31:19,50.0,outbound,5
ENT-01252,CPT-03980,3,28868.15,2025-08-22 11:18:38,2026-05-19 17:24:09,45.7,inbound,32
ENT-01252,CPT-03981,2,11544.58,2025-10-29 17:13:04,2026-02-02 14:58:07,36.3,inbound,191
ENT-01252,CPT-04324,6,36952.37,2025-08-13 14:03:12,2026-05-19 13:04:18,24.9,inbound,71
ENT-01252,CPT-05007,1,11626.69,2026-07-24 11:20:28,2026-07-24 11:20:28,30.2,inbound,9
ENT-01252,CPT-05824,2,22576.73,2026-03-18 11:06:05,2026-05-28 13:09:39,16.1,inbound,13
ENT-01270,CPT-02414,3,23511.18,2025-12-11 17:39:08,2026-06-09 13:49:07,34.7,outbound,22
ENT-01270,CPT-02493,2,3089.47,2025-11-05 10:04:52,2026-05-08 12:12:38,36.6,outbound,101
ENT-01270,CPT-02500,1,367.08,2026-07-06 13:50:31,2026-07-06 13:50:31,25.5,outbound,60
ENT-01270,CPT-02784,1,2242.3,2026-01-12 14:02:32,2026-01-12 14:02:32,35.2,outbound,40
ENT-01270,CPT-02787,2,5095.16,2025-10-29 12:28:19,2025-11-14 17:03:53,39.3,outbound,42
ENT-01270,CPT-02908,2,6144.16,2025-09-15 12:26:50,2026-06-22 16:45:12,38.4,outbound,5
ENT-01270,CPT-03297,1,2352.63,2026-04-27 09:26:55,2026-04-27 09:26:55,33.9,outbound,110
ENT-01270,CPT-03521,2,1611.67,2026-01-14 11:09:18,2026-01-19 15:39:51,20.5,outbound,7
ENT-01270,CPT-03742,1,461.67,2025-10-05 02:52:29,2025-10-05 02:52:29,69.7,inbound,5
ENT-01270,CPT-03889,1,551.92,2025-10-04 14:00:00,2025-10-04 14:00:00,66.3,inbound,3
ENT-01270,CPT-05130,1,518.35,2025-10-06 10:38:53,2025-10-06 10:38:53,70.0,inbound,4
ENT-01270,CPT-05398,1,593.11,2025-10-06 07:34:23,2025-10-06 07:34:23,70.0,inbound,2
ENT-01270,CPT-05635,1,511.45,2025-10-05 08:54:14,2025-10-05 08:54:14,69.8,inbound,4
ENT-01289,CPT-01112,2,52601.69,2025-09-23 16:51:12,2026-04-17 17:39:57,36.8,inbound,49
ENT-01289,CPT-02418,4,79683.2,2025-12-08 12:01:46,2026-01-22 11:45:52,70.0,outbound,28
ENT-01289,CPT-02486,3,60796.46,2025-12-05 14:47:07,2026-01-13 10:50:43,69.9,outbound,11
ENT-01289,CPT-02695,5,31294.42,2025-12-11 14:39:18,2026-03-26 18:23:09,40.0,outbound,166
ENT-01289,CPT-03113,2,1912.36,2026-01-13 10:30:44,2026-05-12 15:26:37,28.9,outbound,4
ENT-01289,CPT-03197,4,5220.52,2025-12-18 11:58:08,2026-01-22 12:22:16,39.6,outbound,39
ENT-01289,CPT-03297,29,384324.11,2025-08-15 11:03:40,2026-07-31 15:56:07,40.0,outbound,110
ENT-01289,CPT-03613,6,47671.63,2025-08-13 12:23:48,2026-06-11 14:10:19,34.3,inbound,3
ENT-01289,CPT-03981,6,78966.41,2025-08-29 09:33:05,2026-03-06 09:24:11,38.9,inbound,191
ENT-01289,CPT-04324,5,72498.04,2025-08-21 11:17:43,2026-06-30 14:37:42,39.7,inbound,71
ENT-01289,CPT-04425,3,23831.13,2025-10-16 10:40:19,2026-05-27 13:19:30,25.3,inbound,18
ENT-01289,CPT-04661,2,30895.79,2025-08-29 14:42:40,2026-05-11 12:31:16,24.7,inbound,26
ENT-01289,CPT-05620,1,10281.08,2025-10-27 17:18:27,2025-10-27 17:18:27,23.4,inbound,4
ENT-01292,CPT-00735,1,323.14,2026-03-19 15:39:58,2026-03-19 15:39:58,10.2,inbound,14
ENT-01292,CPT-01079,2,9790.17,2025-09-15 13:38:08,2026-02-06 15:20:58,31.9,inbound,4
ENT-01292,CPT-01106,1,1438.33,2026-07-08 11:43:42,2026-07-08 11:43:42,22.7,inbound,11
ENT-01292,CPT-01487,6,47504.3,2025-09-05 13:00:38,2026-07-29 15:47:31,23.4,inbound,9
ENT-01292,CPT-02059,1,6323.12,2026-07-31 15:25:41,2026-07-31 15:25:41,29.0,inbound,6
ENT-01292,CPT-02695,4,9200.69,2025-10-16 14:24:27,2026-01-15 10:06:09,30.8,outbound,166
ENT-01292,CPT-02756,2,5612.46,2025-08-25 11:20:30,2025-12-10 10:26:05,10.5,outbound,17
ENT-01292,CPT-02889,24,306021.55,2025-08-15 17:22:43,2026-07-31 10:36:18,36.6,outbound,3
ENT-01292,CPT-03297,3,4949.41,2025-09-25 11:30:14,2026-02-03 14:27:20,23.6,outbound,110
ENT-01292,CPT-03414,1,9654.58,2026-02-27 09:25:41,2026-02-27 09:25:41,20.1,outbound,8
ENT-01292,CPT-03521,4,11340.3,2025-08-07 17:57:36,2026-05-20 13:01:06,37.9,outbound,7
ENT-01292,CPT-03981,3,8898.28,2025-08-05 10:05:41,2026-04-29 15:37:31,37.2,inbound,191
ENT-01292,CPT-03989,1,1720.73,2026-03-05 12:53:06,2026-03-05 12:53:06,33.0,inbound,14
ENT-01292,CPT-04375,1,805.91,2025-10-17 16:10:36,2025-10-17 16:10:36,67.0,inbound,4
ENT-01292,CPT-04532,2,33411.53,2025-08-07 13:18:31,2025-08-11 11:07:49,38.6,inbound,5
ENT-01292,CPT-04672,1,870.38,2025-10-16 19:30:19,2025-10-16 19:30:19,66.5,inbound,14
ENT-01292,CPT-04745,1,935.47,2025-10-17 21:50:53,2025-10-17 21:50:53,68.2,inbound,2
ENT-01292,CPT-04832,2,1398.77,2025-09-04 16:28:33,2025-12-31 12:36:12,15.2,inbound,25
ENT-01292,CPT-04963,1,8845.45,2026-01-27 15:31:18,2026-01-27 15:31:18,17.6,inbound,5
ENT-01292,CPT-05078,5,45271.49,2025-08-27 09:30:10,2026-04-02 09:35:18,29.7,inbound,49
ENT-01304,CPT-02418,2,2996.57,2025-09-29 17:07:55,2025-10-10 17:38:14,16.2,outbound,28
ENT-01304,CPT-02493,24,269105.07,2025-08-15 12:49:44,2026-07-31 17:03:56,39.8,outbound,101
ENT-01304,CPT-02623,3,4990.15,2025-12-22 14:53:41,2026-06-08 10:47:53,33.8,outbound,6
ENT-01304,CPT-02821,2,10145.17,2025-09-16 12:30:15,2025-11-05 09:20:17,35.0,outbound,28
ENT-01304,CPT-02870,1,1472.39,2025-09-29 11:39:01,2025-09-29 11:39:01,11.6,outbound,54
ENT-01304,CPT-02923,1,2726.34,2026-01-30 13:05:37,2026-01-30 13:05:37,37.6,outbound,2
ENT-01304,CPT-03200,1,1296.92,2026-03-26 09:40:30,2026-03-26 09:40:30,36.1,outbound,4
ENT-01304,CPT-03245,1,1760.04,2026-06-29 11:05:35,2026-06-29 11:05:35,32.5,outbound,4
ENT-01304,CPT-03297,3,18465.15,2025-09-24 14:17:23,2026-07-16 12:33:48,37.5,outbound,110
ENT-01317,CPT-02418,4,5453.84,2025-12-10 11:38:24,2026-05-14 14:14:08,35.8,outbound,28
ENT-01317,CPT-02674,4,10707.0,2025-10-29 11:38:40,2026-07-31 09:43:55,29.7,outbound,10
ENT-01317,CPT-02695,2,8570.56,2026-02-03 13:17:09,2026-03-16 11:25:58,31.8,outbound,166
ENT-01317,CPT-02756,24,319217.41,2025-08-15 16:27:45,2026-07-31 15:59:49,39.5,outbound,17
ENT-01317,CPT-02899,3,8438.09,2025-11-18 12:59:22,2026-07-17 15:48:30,36.6,outbound,3
ENT-01317,CPT-03116,4,6087.85,2026-01-13 11:58:23,2026-05-06 12:16:19,32.4,outbound,17
ENT-01328,CPT-01112,3,14484.36,2025-08-15 14:19:25,2026-02-05 17:00:45,33.5,inbound,49
ENT-01328,CPT-01727,2,10339.43,2026-01-01 09:49:11,2026-06-11 14:28:56,34.4,inbound,12
ENT-01328,CPT-02431,2,7409.18,2025-10-30 10:40:08,2026-02-19 18:27:40,39.6,outbound,30
ENT-01328,CPT-02493,3,11623.95,2025-09-09 10:33:10,2025-12-30 10:05:28,51.6,outbound,101
ENT-01328,CPT-02498,2,2625.65,2025-10-30 11:01:24,2026-06-02 13:52:59,30.0,outbound,45
ENT-01328,CPT-02692,7,19870.41,2025-08-07 13:22:05,2026-06-02 14:25:09,39.8,outbound,19
ENT-01328,CPT-02695,6,16748.0,2025-08-07 13:18:47,2026-06-09 11:11:06,39.6,outbound,166
ENT-01328,CPT-02772,6,15089.56,2025-09-09 09:47:09,2026-07-28 09:13:22,38.5,outbound,4
ENT-01328,CPT-02787,5,8599.34,2025-09-04 14:13:06,2026-06-09 12:05:45,38.7,outbound,42
ENT-01328,CPT-02864,4,11210.89,2025-09-04 14:23:55,2026-07-28 10:11:28,32.3,outbound,10
ENT-01328,CPT-02870,7,21749.48,2025-09-04 14:35:02,2026-07-28 09:32:04,39.6,outbound,54
ENT-01328,CPT-02965,10,24595.8,2025-09-09 10:27:04,2026-07-28 09:33:49,51.1,outbound,4
ENT-01328,CPT-03206,4,13506.22,2025-08-07 13:40:00,2026-07-28 10:07:58,38.5,outbound,38
ENT-01328,CPT-03246,2,3433.17,2025-09-04 14:58:53,2025-10-21 13:08:27,35.8,outbound,4
ENT-01328,CPT-03297,4,7750.13,2025-08-07 13:59:25,2026-04-14 09:52:50,38.6,outbound,110
ENT-01328,CPT-03729,4,25874.7,2025-09-23 12:36:17,2026-04-15 17:40:17,36.1,inbound,69
ENT-01328,CPT-03933,1,12892.98,2026-01-14 17:17:09,2026-01-14 17:17:09,20.5,inbound,15
ENT-01328,CPT-03980,1,1261.98,2025-09-29 14:08:45,2025-09-29 14:08:45,25.4,inbound,32
ENT-01328,CPT-03981,2,5328.13,2026-02-10 13:10:48,2026-06-01 14:39:11,37.0,inbound,191
ENT-01328,CPT-04506,1,3601.32,2026-04-13 13:06:59,2026-04-13 13:06:59,4.5,inbound,2
ENT-01328,CPT-04855,1,31401.44,2025-10-31 12:19:50,2025-10-31 12:19:50,39.3,inbound,18
ENT-01328,CPT-04942,1,17623.54,2025-08-04 11:15:30,2025-08-04 11:15:30,37.5,inbound,36
ENT-01328,CPT-05017,1,6402.6,2025-11-21 10:06:51,2025-11-21 10:06:51,27.3,inbound,64
ENT-01328,CPT-05078,1,2881.01,2025-12-18 11:36:21,2025-12-18 11:36:21,5.9,inbound,49
ENT-01328,CPT-05107,1,3243.89,2025-09-15 17:49:51,2025-09-15 17:49:51,38.7,inbound,15
ENT-01328,CPT-05455,1,14224.73,2026-07-09 11:33:05,2026-07-09 11:33:05,20.9,inbound,5
ENT-01352,CPT-02695,13,127306.81,2025-09-02 13:49:52,2026-07-21 17:54:44,69.8,inbound;outbound,166
ENT-01352,CPT-02821,10,53113.37,2025-12-04 17:06:37,2026-07-21 17:54:10,69.5,outbound,28
ENT-01352,CPT-03206,14,46427.01,2025-09-02 13:57:34,2026-07-14 11:23:46,69.6,outbound,38
ENT-01352,CPT-03728,4,32407.69,2025-10-08 17:00:25,2026-07-28 14:39:09,37.0,inbound,8
ENT-01352,CPT-03729,2,14710.25,2025-09-25 16:15:02,2026-01-02 14:22:06,33.3,inbound,69
ENT-01352,CPT-03980,3,9474.41,2025-10-10 14:05:02,2025-12-10 10:02:56,33.9,inbound,32
ENT-01352,CPT-03981,3,22093.17,2025-10-07 13:14:36,2026-03-03 09:44:59,37.6,inbound,191
ENT-01352,CPT-04162,3,23101.35,2025-09-09 09:26:13,2025-12-29 13:34:04,38.1,inbound,4
ENT-01352,CPT-04324,4,95220.3,2025-11-25 16:08:14,2026-04-23 11:42:42,39.7,inbound,71
ENT-01352,CPT-04400,1,1261.04,2026-01-15 11:13:22,2026-01-15 11:13:22,3.3,inbound,11
ENT-01352,CPT-04891,2,48938.09,2025-09-16 17:52:13,2026-05-20 15:11:13,38.0,inbound,11
ENT-01352,CPT-05118,1,28867.4,2026-05-01 13:57:39,2026-05-01 13:57:39,39.1,inbound,2
ENT-01352,CPT-05198,2,19469.47,2025-08-08 10:08:11,2025-12-08 12:21:27,33.9,inbound,6
ENT-01352,CPT-05259,1,6308.74,2025-09-24 17:30:41,2025-09-24 17:30:41,26.0,inbound,16
ENT-01352,CPT-05450,2,10989.93,2026-05-29 10:02:22,2026-06-17 12:37:25,28.1,inbound,29
ENT-01370,CPT-02399,3,5412.93,2025-08-11 12:15:08,2025-11-26 11:11:36,35.1,outbound,8
ENT-01370,CPT-02414,1,500.0,2026-03-10 13:02:10,2026-03-10 13:02:10,31.8,outbound,22
ENT-01370,CPT-02431,1,1352.21,2026-02-19 09:44:10,2026-02-19 09:44:10,21.9,outbound,30
ENT-01370,CPT-02493,1,1487.01,2025-09-02 11:56:02,2025-09-02 11:56:02,29.8,outbound,101
ENT-01370,CPT-02652,2,4374.51,2025-10-24 13:18:29,2026-05-12 11:43:54,36.7,outbound,4
ENT-01370,CPT-02678,2,42504.93,2026-02-13 11:53:21,2026-03-16 16:24:47,38.6,outbound,4
ENT-01370,CPT-02695,26,318513.33,2025-08-15 12:37:11,2026-07-31 14:52:07,39.9,outbound,166
ENT-01370,CPT-02771,2,21315.46,2025-08-04 15:51:27,2025-10-29 12:38:40,34.6,outbound,25
ENT-01370,CPT-02787,4,6434.33,2025-09-29 10:11:18,2026-04-24 15:50:42,37.1,outbound,42
ENT-01370,CPT-02864,1,497.1,2025-11-06 14:39:10,2025-11-06 14:39:10,31.5,outbound,10
ENT-01370,CPT-03297,1,18569.29,2026-07-31 14:37:21,2026-07-31 14:37:21,38.2,outbound,110
ENT-01370,CPT-03459,2,10682.91,2025-09-03 12:10:25,2026-04-23 10:42:39,34.9,outbound,5
ENT-01370,CPT-03534,1,596.08,2025-12-03 10:21:09,2025-12-03 10:21:09,11.9,outbound,30
ENT-01373,CPT-02493,24,311883.56,2025-08-15 09:28:28,2026-07-31 13:22:43,39.7,outbound,101
ENT-01373,CPT-02748,1,961.96,2025-12-18 10:44:29,2025-12-18 10:44:29,26.4,outbound,13
ENT-01373,CPT-03116,2,2474.6,2025-11-11 11:22:45,2025-11-11 15:04:53,30.1,outbound,17
ENT-01373,CPT-03119,2,14031.74,2026-06-25 15:06:24,2026-07-14 09:12:27,35.2,outbound,2
ENT-01373,CPT-03293,1,1285.92,2025-10-02 16:32:54,2025-10-02 16:32:54,26.8,outbound,3
ENT-01373,CPT-03297,1,1288.28,2026-02-25 17:58:31,2026-02-25 17:58:31,37.0,outbound,110
ENT-01373,CPT-03448,2,4950.14,2026-03-13 14:08:56,2026-07-29 14:14:26,39.5,outbound,12
ENT-01373,CPT-03521,2,1848.65,2025-08-13 17:40:21,2025-08-26 14:51:28,38.2,outbound,7
ENT-01375,CPT-00997,1,40313.37,2026-03-10 17:23:52,2026-03-10 17:23:52,39.8,inbound,4
ENT-01375,CPT-02493,7,13554.86,2025-10-16 12:59:53,2026-06-11 11:18:49,39.8,outbound,101
ENT-01375,CPT-02500,6,29642.46,2025-10-16 13:03:25,2026-07-09 15:01:10,38.7,outbound,60
ENT-01375,CPT-02678,24,312949.42,2025-08-15 11:11:12,2026-07-31 10:12:54,39.9,outbound,4
ENT-01375,CPT-02695,5,20299.58,2025-10-21 12:01:00,2026-07-16 14:16:56,69.7,outbound,166
ENT-01375,CPT-03006,3,4419.12,2026-01-20 11:57:51,2026-03-24 14:11:06,38.7,outbound,7
ENT-01375,CPT-03068,2,1517.29,2026-01-15 15:59:06,2026-07-09 14:50:25,36.9,outbound,22
ENT-01375,CPT-03116,5,10872.35,2025-10-21 12:11:14,2026-07-09 15:02:09,39.7,outbound,17
ENT-01375,CPT-03242,6,15722.12,2025-10-16 12:47:50,2026-06-11 11:04:24,39.4,outbound,34
ENT-01375,CPT-03729,1,8619.5,2025-12-25 13:22:31,2025-12-25 13:22:31,20.9,inbound,69
ENT-01375,CPT-03742,2,14923.85,2026-01-22 15:55:39,2026-03-23 14:58:38,39.4,inbound,5
ENT-01375,CPT-03980,2,54585.73,2025-09-24 14:06:57,2026-07-16 13:40:40,68.6,inbound,32
ENT-01375,CPT-04324,3,24705.73,2025-09-24 17:59:24,2026-05-21 11:00:31,25.0,inbound,71
ENT-01375,CPT-04661,3,13496.34,2025-11-11 10:33:09,2026-07-28 09:46:15,34.2,inbound,26
ENT-01375,CPT-04945,1,18510.22,2025-10-03 16:11:24,2025-10-03 16:11:24,29.6,inbound,24
ENT-01375,CPT-05706,1,18726.94,2025-09-29 11:14:07,2025-09-29 11:14:07,28.3,inbound,14
ENT-01375,CPT-05824,2,10574.11,2025-09-16 14:29:50,2026-02-13 09:59:07,33.4,inbound,13
ENT-01375,CPT-05830,2,30568.37,2026-01-12 10:00:00,2026-03-03 16:07:23,19.5,inbound,5
ENT-01387,CPT-01061,4,33098.13,2025-08-14 15:22:57,2026-05-14 16:16:39,33.8,inbound,5
ENT-01387,CPT-01440,2,6618.22,2026-04-17 11:07:23,2026-07-31 12:42:20,39.4,inbound,22
ENT-01387,CPT-01954,3,81082.87,2025-10-23 10:04:43,2026-07-29 17:25:14,39.5,inbound,3
ENT-01387,CPT-02394,1,451.24,2026-06-02 10:34:58,2026-06-02 10:34:58,39.2,outbound,4
ENT-01387,CPT-02500,3,14174.74,2025-12-16 16:36:15,2026-06-02 10:15:03,68.5,outbound,60
ENT-01387,CPT-02555,3,7618.98,2026-02-03 14:49:32,2026-06-02 10:39:16,39.7,outbound,5
ENT-01387,CPT-02852,1,7903.56,2025-12-16 16:43:10,2025-12-16 16:43:10,24.6,outbound,13
ENT-01387,CPT-02870,4,3328.28,2025-08-21 10:40:49,2026-02-03 14:48:15,35.0,outbound,54
ENT-01387,CPT-02878,2,7519.7,2025-08-21 11:02:24,2026-04-02 13:09:27,27.6,outbound,5
ENT-01387,CPT-03297,1,2474.11,2025-08-21 11:14:58,2025-08-21 11:14:58,29.3,outbound,110
ENT-01387,CPT-03584,2,7527.23,2025-12-16 16:16:39,2026-02-03 14:40:06,11.9,outbound,8
ENT-01387,CPT-03729,4,87099.02,2025-10-20 15:48:46,2026-07-08 11:08:03,40.0,inbound,69
ENT-01387,CPT-03981,3,48262.66,2025-12-22 13:58:01,2026-03-13 13:30:13,69.8,inbound,191
ENT-01387,CPT-04371,1,6638.44,2026-07-20 09:57:18,2026-07-20 09:57:18,35.0,inbound,19
ENT-01387,CPT-04832,2,13913.29,2025-10-16 10:01:23,2026-01-26 09:04:03,15.6,inbound,25
ENT-01387,CPT-05017,4,16077.13,2025-09-26 09:41:17,2026-05-27 09:02:30,33.5,inbound,64
ENT-01387,CPT-05414,1,2448.23,2026-06-01 14:08:00,2026-06-01 14:08:00,19.4,inbound,22
ENT-01387,CPT-05450,2,25690.22,2026-01-26 13:42:39,2026-06-25 15:20:38,27.8,inbound,29
ENT-01393,CPT-01787,1,5862.57,2025-08-04 16:15:16,2025-08-04 16:15:16,34.2,inbound,2
ENT-01393,CPT-02925,6,15029.93,2025-10-30 16:46:53,2026-07-16 11:16:42,35.8,outbound,6
ENT-01393,CPT-03197,3,5318.58,2025-10-21 11:29:58,2026-07-16 11:07:06,32.7,outbound,39
ENT-01393,CPT-03330,4,12248.51,2025-10-30 16:50:57,2026-07-16 11:15:33,27.8,outbound,67
ENT-01393,CPT-03634,1,1386.25,2026-05-13 11:39:19,2026-05-13 11:39:19,39.8,inbound,9
ENT-01393,CPT-03728,2,18748.91,2025-10-01 13:25:00,2026-06-24 17:07:49,20.7,inbound,8
ENT-01393,CPT-03981,1,9730.57,2025-10-21 12:48:56,2025-10-21 12:48:56,39.7,inbound,191
ENT-01393,CPT-04324,1,1185.17,2025-11-11 15:39:24,2025-11-11 15:39:24,36.8,inbound,71
ENT-01393,CPT-04672,1,1390.24,2025-10-13 10:45:36,2025-10-13 10:45:36,11.7,inbound,14
ENT-01393,CPT-04945,1,3488.36,2025-09-22 17:33:39,2025-09-22 17:33:39,13.3,inbound,24
ENT-01393,CPT-05450,2,6743.67,2025-09-25 10:14:12,2025-11-03 14:52:36,37.4,inbound,29
ENT-01393,CPT-05618,2,43573.07,2025-08-06 11:49:46,2025-11-10 10:20:53,38.8,inbound,6
ENT-01398,CPT-00678,3,11332.22,2025-10-08 14:55:57,2026-04-24 16:02:42,32.2,inbound,4
ENT-01398,CPT-01253,2,7928.04,2025-08-12 17:23:07,2026-06-12 11:57:09,39.3,inbound,2
ENT-01398,CPT-01285,3,47894.41,2025-09-29 13:12:47,2026-07-30 10:37:53,38.4,inbound,25
ENT-01398,CPT-01742,2,38890.56,2025-10-06 10:02:37,2026-05-27 12:18:28,63.8,inbound,27
ENT-01398,CPT-01838,1,7585.88,2026-05-21 13:51:22,2026-05-21 13:51:22,20.3,inbound,24
ENT-01398,CPT-02081,2,9412.12,2026-02-18 15:13:00,2026-04-10 09:48:58,18.5,inbound,5
ENT-01398,CPT-02493,4,13071.2,2025-08-05 15:59:29,2026-07-30 16:52:16,38.3,outbound,101
ENT-01398,CPT-02695,1,1393.09,2025-08-19 13:26:39,2025-08-19 13:26:39,38.3,outbound,166
ENT-01398,CPT-03242,2,18178.59,2026-04-21 15:18:25,2026-05-28 12:40:53,69.6,outbound,34
ENT-01398,CPT-03246,8,21335.4,2025-08-19 12:39:20,2026-06-09 15:00:44,57.8,outbound,4
ENT-01398,CPT-03376,7,35351.01,2025-08-19 13:17:44,2026-05-28 12:19:57,67.4,outbound,16
ENT-01398,CPT-03477,24,325669.03,2025-08-15 12:33:27,2026-07-31 09:21:37,39.5,outbound,2
ENT-01398,CPT-03892,1,5976.09,2026-03-23 10:23:28,2026-03-23 10:23:28,4.3,inbound,6
ENT-01398,CPT-03983,8,87745.76,2025-08-22 10:10:08,2026-07-31 10:46:31,39.5,inbound,33
ENT-01398,CPT-04419,3,41810.39,2025-10-09 15:07:49,2026-03-19 11:54:30,30.2,inbound,11
ENT-01398,CPT-04589,2,20306.84,2025-11-14 16:07:57,2026-05-20 10:05:25,21.7,inbound,4
ENT-01402,CPT-01787,1,2056.57,2026-04-16 10:49:13,2026-04-16 10:49:13,39.2,inbound,2
ENT-01402,CPT-02418,6,23536.76,2025-10-07 12:54:03,2026-04-14 11:29:43,61.7,outbound,28
ENT-01402,CPT-02674,4,15184.26,2025-10-07 12:53:34,2026-06-11 17:20:33,39.7,outbound,10
ENT-01402,CPT-02695,8,15782.88,2025-10-07 12:38:59,2026-06-11 17:33:19,39.6,outbound,166
ENT-01402,CPT-02715,4,5249.03,2025-08-19 10:20:36,2026-06-11 17:17:33,39.4,outbound,13
ENT-01402,CPT-02864,7,27524.71,2025-12-02 10:42:25,2026-03-31 10:02:19,49.8,outbound,10
ENT-01402,CPT-03068,6,14494.64,2026-03-12 14:38:09,2026-04-14 11:06:02,39.3,outbound,22
ENT-01402,CPT-03116,9,37543.38,2025-08-19 10:20:24,2026-06-11 17:48:56,39.8,outbound,17
ENT-01402,CPT-03307,7,15448.05,2025-08-21 13:21:42,2026-04-07 17:12:37,63.6,outbound,7
ENT-01402,CPT-03330,11,22416.54,2025-08-19 11:03:05,2026-04-07 13:23:31,43.9,outbound,67
ENT-01402,CPT-03693,3,7071.68,2025-09-01 13:15:33,2026-04-02 10:22:06,37.5,inbound,4
ENT-01402,CPT-03731,1,28789.2,2025-10-16 11:03:51,2025-10-16 11:03:51,33.8,inbound,22
ENT-01402,CPT-03981,1,1587.59,2025-11-12 14:24:07,2025-11-12 14:24:07,26.9,inbound,191
ENT-01402,CPT-03993,2,9964.05,2026-03-11 09:51:10,2026-06-03 17:58:27,12.0,inbound,3
ENT-01402,CPT-04299,2,7347.39,2026-02-27 09:23:54,2026-05-15 09:54:35,27.3,inbound,44
ENT-01402,CPT-04324,1,16182.74,2026-06-05 10:32:17,2026-06-05 10:32:17,25.7,inbound,71
ENT-01402,CPT-04808,2,7722.46,2025-11-06 17:39:23,2026-05-19 10:33:32,14.2,inbound,6
ENT-01402,CPT-05254,5,35064.57,2025-09-22 11:54:41,2026-06-24 14:54:38,38.5,inbound,18
ENT-01402,CPT-05450,4,41887.98,2025-08-13 12:19:16,2026-07-14 10:10:32,44.9,inbound,29
ENT-01402,CPT-05509,1,3382.15,2025-09-29 13:43:24,2025-09-29 13:43:24,5.2,inbound,14
ENT-01402,CPT-05639,2,28948.71,2026-03-24 17:31:58,2026-04-30 15:07:23,34.4,inbound,3
ENT-01408,CPT-01074,2,36781.82,2025-09-16 16:02:03,2026-02-27 09:59:14,38.5,inbound,12
ENT-01408,CPT-01607,1,1845.74,2026-04-08 11:53:40,2026-04-08 11:53:40,8.4,inbound,4
ENT-01408,CPT-01905,2,5843.55,2026-01-22 13:43:37,2026-04-29 15:31:36,23.7,inbound,17
ENT-01408,CPT-02674,4,10461.33,2025-11-20 16:17:02,2026-07-23 12:29:51,33.0,outbound,10
ENT-01408,CPT-02695,7,28116.57,2025-09-04 10:42:33,2026-05-05 11:29:12,69.4,outbound,166
ENT-01408,CPT-02758,5,15058.33,2025-09-04 10:38:03,2026-07-21 13:12:23,28.6,outbound,35
ENT-01408,CPT-02899,3,10872.1,2025-10-09 14:29:38,2026-05-05 11:50:56,68.0,outbound,3
ENT-01408,CPT-03242,3,8241.86,2025-10-14 10:30:19,2026-05-05 11:53:27,69.7,outbound,34
ENT-01408,CPT-03245,5,29082.29,2025-11-13 11:34:21,2026-04-21 17:30:46,24.9,outbound,4
ENT-01408,CPT-03297,4,6236.85,2025-10-09 14:47:48,2026-07-21 13:59:55,37.4,outbound,110
ENT-01408,CPT-03330,6,12589.77,2025-10-09 14:23:10,2026-07-21 13:53:11,69.5,outbound,67
ENT-01408,CPT-03342,4,5770.41,2025-11-13 11:31:33,2026-06-18 12:54:14,32.0,outbound,14
ENT-01408,CPT-03980,1,20764.47,2026-04-08 09:41:36,2026-04-08 09:41:36,25.4,inbound,32
ENT-01408,CPT-03981,2,6982.29,2025-08-26 11:29:11,2025-09-15 17:25:23,37.5,inbound,191
ENT-01408,CPT-03989,1,4528.35,2025-09-19 17:10:40,2025-09-19 17:10:40,26.3,inbound,14
ENT-01408,CPT-04303,5,34716.0,2025-12-03 15:10:53,2026-07-14 14:50:15,39.8,inbound,22
ENT-01408,CPT-04337,1,11760.37,2026-04-28 12:23:31,2026-04-28 12:23:31,33.9,inbound,10
ENT-01408,CPT-04506,3,6214.55,2025-08-06 09:47:48,2025-11-14 16:28:27,35.1,inbound,2
ENT-01408,CPT-05405,2,17369.98,2026-03-13 12:02:22,2026-07-01 10:38:22,33.0,inbound,6
ENT-01414,CPT-00830,1,3637.84,2026-06-16 10:34:56,2026-06-16 10:34:56,36.1,inbound,8
ENT-01414,CPT-02385,3,21868.85,2025-12-16 13:49:54,2026-06-12 17:56:51,29.3,inbound,3
ENT-01414,CPT-02414,4,5327.2,2025-10-28 10:14:08,2026-06-16 15:38:38,42.7,outbound,22
ENT-01414,CPT-02493,2,9458.8,2025-10-28 10:39:32,2026-05-28 12:00:18,60.4,outbound,101
ENT-01414,CPT-02500,4,21272.59,2026-04-09 10:04:17,2026-07-16 16:38:03,40.0,outbound,60
ENT-01414,CPT-02692,1,8556.25,2026-01-29 12:24:01,2026-01-29 12:24:01,36.8,outbound,19
ENT-01414,CPT-02695,4,9453.91,2025-12-16 16:21:25,2026-06-16 16:20:21,67.4,outbound,166
ENT-01414,CPT-02784,24,397125.79,2025-08-15 14:56:31,2026-07-31 12:39:05,39.9,outbound,40
ENT-01414,CPT-02887,5,16237.86,2025-10-28 10:41:55,2026-06-16 15:51:17,59.6,outbound,15
ENT-01414,CPT-03026,6,29158.05,2025-10-28 10:50:57,2026-05-28 12:05:59,65.0,outbound,4
ENT-01414,CPT-03085,4,24600.92,2025-12-16 16:05:29,2026-07-16 16:57:33,39.8,outbound,9
ENT-01414,CPT-03197,2,3269.54,2026-04-09 10:59:19,2026-07-16 16:05:01,29.6,outbound,39
ENT-01414,CPT-03200,4,6457.92,2025-10-28 10:37:54,2026-03-12 17:27:10,67.1,outbound,4
ENT-01414,CPT-03297,5,13694.87,2025-12-16 16:28:29,2026-05-28 11:19:58,63.8,outbound,110
ENT-01414,CPT-03477,3,5161.75,2025-10-28 10:42:23,2026-07-16 16:16:17,61.3,outbound,2
ENT-01414,CPT-03981,4,35141.39,2025-09-26 16:45:35,2026-06-09 11:39:22,39.9,inbound,191
ENT-01414,CPT-04214,5,83987.84,2025-09-26 16:56:13,2026-05-11 12:26:12,38.0,inbound,7
ENT-01414,CPT-04324,3,14393.67,2025-09-11 16:24:30,2026-01-20 11:08:28,24.3,inbound,71
ENT-01414,CPT-04963,1,8767.28,2026-06-11 14:09:09,2026-06-11 14:09:09,12.5,inbound,5
ENT-01414,CPT-04964,1,1874.1,2025-11-20 11:09:12,2025-11-20 11:09:12,21.9,inbound,12
ENT-01414,CPT-05259,1,15666.52,2025-10-15 16:37:26,2025-10-15 16:37:26,23.6,inbound,16
ENT-01414,CPT-05778,2,16802.96,2025-09-03 09:08:10,2026-03-12 11:57:00,46.0,inbound,3
ENT-01423,CPT-01096,3,60409.39,2026-05-04 16:57:53,2026-06-15 10:13:30,38.7,inbound,17
ENT-01423,CPT-01296,2,47871.58,2026-01-15 12:25:30,2026-03-30 13:59:25,37.2,inbound,6
ENT-01423,CPT-02286,1,11280.34,2026-06-03 13:36:40,2026-06-03 13:36:40,33.5,inbound,17
ENT-01423,CPT-02530,2,2397.11,2025-12-09 17:43:56,2026-02-24 09:21:06,38.0,outbound,3
ENT-01423,CPT-02630,4,5395.74,2025-11-04 11:41:38,2026-04-23 15:08:06,66.0,outbound,5
ENT-01423,CPT-02695,24,385158.81,2025-08-15 16:08:48,2026-07-31 13:12:10,39.9,outbound,166
ENT-01423,CPT-02787,6,19058.98,2025-11-04 11:25:26,2026-02-24 09:45:13,65.4,outbound,42
ENT-01423,CPT-02929,2,6227.18,2026-02-24 09:26:15,2026-02-24 09:28:57,20.4,outbound,15
ENT-01423,CPT-03197,2,13237.91,2025-11-27 15:25:27,2026-01-29 12:53:58,29.2,outbound,39
ENT-01423,CPT-03414,4,16609.66,2026-01-29 12:20:15,2026-01-29 12:54:01,28.8,outbound,8
ENT-01423,CPT-03731,5,42665.5,2025-10-15 17:40:46,2026-04-17 14:32:04,28.7,inbound,22
ENT-01423,CPT-03981,2,51315.2,2025-12-15 13:16:29,2026-06-23 15:33:16,39.7,inbound,191
ENT-01423,CPT-04162,1,7587.44,2026-07-13 11:19:33,2026-07-13 11:19:33,27.8,inbound,4
ENT-01423,CPT-04299,2,5151.79,2026-05-04 12:52:12,2026-07-01 14:21:04,38.1,inbound,44
ENT-01423,CPT-04324,1,1985.07,2026-01-02 11:34:15,2026-01-02 11:34:15,34.2,inbound,71
ENT-01423,CPT-04402,4,30106.59,2025-10-21 13:55:16,2026-06-01 11:55:33,32.3,inbound,6
ENT-01423,CPT-04661,1,5150.32,2025-12-16 12:41:41,2025-12-16 12:41:41,38.4,inbound,26
ENT-01423,CPT-04891,1,3064.38,2026-06-22 10:02:23,2026-06-22 10:02:23,30.0,inbound,11
ENT-01423,CPT-04942,3,41925.12,2025-10-10 13:48:38,2026-03-27 09:06:00,30.5,inbound,36
ENT-01423,CPT-05450,2,46425.13,2025-12-15 14:42:03,2026-01-21 15:57:48,38.2,inbound,29
ENT-01423,CPT-05620,1,8930.29,2026-03-31 10:52:13,2026-03-31 10:52:13,21.3,inbound,4
ENT-01423,CPT-05706,3,23857.5,2025-08-07 16:18:53,2026-07-23 09:46:21,37.0,inbound,14
ENT-01426,CPT-00860,2,11161.3,2026-01-15 13:37:46,2026-02-18 09:03:25,34.5,inbound,16
ENT-01426,CPT-01020,2,6397.62,2025-10-13 17:35:35,2026-06-16 09:25:50,27.6,inbound,11
ENT-01426,CPT-01047,2,10561.36,2025-11-03 16:18:26,2026-02-12 15:49:52,36.6,inbound,9
ENT-01426,CPT-01431,1,2220.38,2026-03-03 11:07:39,2026-03-03 11:07:39,15.9,inbound,16
ENT-01426,CPT-02248,3,10254.2,2025-09-22 14:41:34,2026-05-12 17:28:26,35.4,inbound,7
ENT-01426,CPT-02418,4,6554.21,2025-10-28 09:32:40,2026-05-07 14:22:43,30.0,outbound,28
ENT-01426,CPT-02493,3,4246.39,2026-01-15 17:46:03,2026-03-10 11:39:34,26.4,outbound,101
ENT-01426,CPT-02695,2,819.07,2025-12-16 17:54:00,2026-05-07 14:02:14,69.3,outbound,166
ENT-01426,CPT-02743,4,11315.53,2025-10-07 10:47:05,2026-03-10 11:47:57,50.9,outbound,8
ENT-01426,CPT-02923,1,2463.93,2026-05-07 14:35:39,2026-05-07 14:35:39,27.6,outbound,2
ENT-01426,CPT-02929,2,1527.42,2025-12-16 17:50:06,2026-01-15 18:00:45,68.0,outbound,15
ENT-01426,CPT-03113,5,8589.56,2025-10-07 10:05:15,2026-04-02 10:36:05,28.4,outbound,4
ENT-01426,CPT-03204,4,3267.54,2025-10-28 09:34:13,2026-04-16 16:38:24,59.0,outbound,9
ENT-01426,CPT-03242,4,9016.07,2025-10-28 09:36:02,2026-04-02 10:30:48,58.4,outbound,34
ENT-01426,CPT-03297,7,27783.98,2025-10-28 09:48:47,2026-05-07 13:51:05,65.1,outbound,110
ENT-01426,CPT-03307,2,3568.75,2025-11-25 17:58:52,2026-04-16 17:10:41,27.1,outbound,7
ENT-01426,CPT-03729,1,7110.93,2025-08-08 09:27:42,2025-08-08 09:27:42,35.8,inbound,69
ENT-01426,CPT-03980,1,8355.02,2026-07-01 13:21:36,2026-07-01 13:21:36,23.8,inbound,32
ENT-01426,CPT-03981,2,9036.81,2025-12-15 12:01:15,2026-06-02 14:33:00,36.7,inbound,191
ENT-01426,CPT-03983,3,46881.16,2025-09-23 12:38:13,2026-03-26 12:39:26,56.0,inbound,33
ENT-01426,CPT-04324,3,36477.09,2025-08-06 16:14:30,2026-02-05 14:10:06,38.6,inbound,71
ENT-01426,CPT-04373,4,34460.48,2025-09-22 10:33:56,2026-06-08 15:35:57,37.3,inbound,7
ENT-01426,CPT-04375,1,8476.79,2025-09-30 17:52:20,2025-09-30 17:52:20,28.8,inbound,4
ENT-01426,CPT-04672,1,454.81,2026-02-02 10:44:30,2026-02-02 10:44:30,38.4,inbound,14
ENT-01426,CPT-04942,1,5573.88,2025-09-26 12:29:34,2025-09-26 12:29:34,24.5,inbound,36
ENT-01426,CPT-04971,1,10545.92,2025-12-03 11:14:22,2025-12-03 11:14:22,15.9,inbound,2
ENT-01426,CPT-05254,2,58650.73,2025-09-15 17:56:17,2026-01-22 10:41:15,39.6,inbound,18
ENT-01436,CPT-01296,3,23490.1,2025-10-06 17:11:20,2026-01-02 12:01:03,25.2,inbound,6
ENT-01436,CPT-01927,7,30763.09,2025-12-30 10:38:57,2026-07-31 11:39:45,38.0,inbound,18
ENT-01436,CPT-02756,3,3716.52,2026-06-08 14:21:44,2026-07-09 10:24:55,13.3,outbound,17
ENT-01436,CPT-03006,3,4443.39,2025-11-14 15:58:12,2026-05-18 16:11:27,19.5,outbound,7
ENT-01436,CPT-03297,2,24548.94,2026-03-09 14:23:22,2026-04-30 16:56:40,69.9,outbound,110
ENT-01436,CPT-03574,3,12118.79,2025-08-14 12:42:21,2026-02-27 17:22:42,32.2,outbound,5
ENT-01436,CPT-04678,4,18059.66,2025-08-21 17:36:28,2026-06-04 14:53:02,31.1,inbound,8
ENT-01436,CPT-05259,5,14042.71,2025-08-25 15:32:47,2026-05-28 15:12:02,21.8,inbound,16
ENT-01436,CPT-05509,2,12125.14,2025-08-28 09:06:29,2026-01-21 15:32:49,26.1,inbound,14
ENT-01436,CPT-05805,4,21356.4,2025-08-05 14:00:38,2025-10-29 10:07:21,32.2,inbound,10
ENT-01460,CPT-01431,1,5996.48,2026-01-19 14:52:03,2026-01-19 14:52:03,1.9,inbound,16
ENT-01460,CPT-02500,5,12636.49,2025-11-27 12:12:58,2026-06-18 11:28:44,35.1,outbound,60
ENT-01460,CPT-02787,10,64730.53,2025-12-18 11:59:46,2026-07-16 13:33:41,39.7,outbound,42
ENT-01460,CPT-02864,9,25011.96,2025-11-27 12:12:02,2026-07-16 13:47:18,39.7,outbound,10
ENT-01460,CPT-03037,2,5664.16,2025-12-18 12:03:32,2026-07-14 17:08:25,33.8,outbound,10
ENT-01460,CPT-03106,6,6925.47,2025-11-27 12:45:02,2026-07-14 16:53:09,39.1,outbound,6
ENT-01460,CPT-03330,4,5493.5,2025-11-27 12:26:49,2026-07-16 13:16:58,39.2,outbound,67
ENT-01460,CPT-03613,4,17640.99,2026-04-20 14:38:41,2026-07-13 15:21:17,36.2,inbound,3
ENT-01460,CPT-03981,2,47488.31,2025-10-29 10:28:12,2026-07-29 14:59:42,39.9,inbound,191
ENT-01460,CPT-03983,2,64940.53,2025-11-04 11:35:14,2026-03-25 12:25:21,37.2,inbound,33
ENT-01460,CPT-04028,1,1548.3,2025-08-28 12:39:22,2025-08-28 12:39:22,69.6,inbound,3
ENT-01460,CPT-04589,3,38090.15,2025-10-03 15:04:50,2026-03-31 10:07:05,33.2,inbound,4
ENT-01460,CPT-04832,1,3270.52,2026-03-11 12:16:19,2026-03-11 12:16:19,12.2,inbound,25
ENT-01460,CPT-04922,1,1573.6,2025-08-29 03:44:35,2025-08-29 03:44:35,70.0,inbound,2
ENT-01460,CPT-04942,3,18434.97,2025-12-04 16:42:54,2026-06-16 11:10:54,35.4,inbound,36
ENT-01460,CPT-05237,2,25138.12,2025-10-21 15:52:18,2025-11-10 09:54:03,19.5,inbound,3
ENT-01460,CPT-05450,6,31655.37,2025-08-22 09:41:08,2026-07-31 14:46:20,36.4,inbound,29
ENT-01460,CPT-05636,1,1572.96,2025-08-27 21:45:31,2025-08-27 21:45:31,67.7,inbound,3
ENT-01468,CPT-01112,2,8408.83,2025-08-21 12:03:51,2026-03-30 12:57:38,30.7,inbound,49
ENT-01468,CPT-02498,5,26346.74,2025-08-05 17:14:41,2026-06-25 11:39:27,39.8,outbound,45
ENT-01468,CPT-02630,3,22985.35,2026-02-19 16:21:10,2026-06-25 10:44:56,37.4,outbound,5
ENT-01468,CPT-02695,5,39290.32,2025-08-05 17:18:54,2026-04-02 18:08:58,70.0,outbound,166
ENT-01468,CPT-02715,2,6756.54,2026-05-26 16:46:33,2026-07-30 11:06:52,38.4,outbound,13
ENT-01468,CPT-02771,5,17391.61,2025-12-16 15:40:32,2026-05-21 12:43:26,39.7,outbound,25
ENT-01468,CPT-02784,3,23889.25,2025-12-16 15:55:22,2026-06-25 11:17:56,69.6,outbound,40
ENT-01468,CPT-02787,5,4899.35,2025-08-05 17:02:15,2026-07-30 10:37:51,35.9,outbound,42
ENT-01468,CPT-03206,4,5331.07,2025-11-18 13:48:48,2026-05-26 17:07:20,39.4,outbound,38
ENT-01468,CPT-03214,1,999.31,2025-09-16 11:11:37,2025-09-16 11:11:37,28.1,outbound,5
ENT-01468,CPT-03258,4,151041.14,2025-10-23 17:13:42,2026-05-26 16:44:51,70.0,inbound;outbound,6
ENT-01468,CPT-03283,3,22842.5,2025-10-23 16:58:47,2026-02-05 16:37:31,36.0,outbound,3
ENT-01468,CPT-03325,3,6088.43,2025-08-05 17:33:04,2026-06-04 15:09:30,39.7,outbound,3
ENT-01468,CPT-03342,5,17965.36,2025-12-16 15:36:28,2026-05-26 16:26:25,35.0,outbound,14
ENT-01468,CPT-03459,3,5589.72,2026-01-29 12:54:18,2026-04-02 17:42:40,38.5,outbound,5
ENT-01468,CPT-03729,2,6770.31,2026-01-07 16:15:30,2026-05-11 13:48:29,39.7,inbound,69
ENT-01468,CPT-03795,2,7663.44,2026-01-19 13:33:37,2026-04-29 15:26:59,33.7,inbound,9
ENT-01468,CPT-03980,2,5730.05,2025-10-02 12:42:15,2026-07-17 11:38:25,26.4,inbound,32
ENT-01468,CPT-04116,4,35332.55,2025-09-16 12:45:48,2026-06-22 11:19:53,38.8,inbound,2
ENT-01468,CPT-04350,2,82045.37,2025-11-24 16:46:58,2026-03-19 14:30:01,39.6,inbound,15
ENT-01468,CPT-04855,1,4978.77,2026-06-12 13:49:39,2026-06-12 13:49:39,27.0,inbound,18
ENT-01468,CPT-04931,2,10966.24,2026-01-30 09:26:48,2026-07-31 13:16:34,39.8,inbound,5
ENT-01468,CPT-05045,1,8156.05,2025-09-23 15:12:35,2025-09-23 15:12:35,25.6,inbound,2
ENT-01468,CPT-05072,3,35790.98,2026-01-26 12:47:25,2026-04-14 17:39:06,37.9,inbound,31
ENT-01468,CPT-05237,2,2416.85,2025-10-02 17:16:47,2026-01-06 11:51:22,39.9,inbound,3
ENT-01468,CPT-05254,1,2065.64,2025-08-05 11:32:20,2025-08-05 11:32:20,31.3,inbound,18
ENT-01468,CPT-05509,2,6953.92,2025-10-28 14:43:23,2026-01-28 12:54:04,37.0,inbound,14
ENT-01483,CPT-01487,1,16322.63,2025-08-13 14:34:06,2025-08-13 14:34:06,25.5,inbound,9
ENT-01483,CPT-01905,3,39702.45,2025-12-02 12:22:27,2026-01-16 14:12:45,33.6,inbound,17
ENT-01483,CPT-02286,5,38964.89,2025-11-19 11:37:35,2026-03-16 12:01:13,36.6,inbound,17
ENT-01483,CPT-02414,9,21913.77,2025-08-05 14:16:02,2026-07-23 10:49:58,39.6,outbound,22
ENT-01483,CPT-02493,2,3281.09,2026-02-24 13:52:14,2026-05-19 10:07:41,37.8,outbound,101
ENT-01483,CPT-02500,10,22646.85,2025-08-05 14:48:11,2026-07-30 14:47:18,68.8,outbound,60
ENT-01483,CPT-02784,7,11096.86,2025-08-21 10:10:30,2026-07-30 14:22:22,39.8,outbound,40
ENT-01483,CPT-02870,7,32488.39,2026-02-05 14:37:15,2026-07-30 14:39:16,40.0,outbound,54
ENT-01483,CPT-02887,7,27718.31,2025-08-05 14:48:01,2026-05-19 10:58:36,39.9,outbound,15
ENT-01483,CPT-03242,3,12869.19,2026-02-05 14:26:28,2026-07-23 10:05:30,33.0,outbound,34
ENT-01483,CPT-03731,5,38125.19,2025-10-27 12:08:26,2026-05-07 16:08:02,36.5,inbound,22
ENT-01483,CPT-03892,1,4599.17,2026-07-15 11:17:12,2026-07-15 11:17:12,25.7,inbound,6
ENT-01483,CPT-03933,4,35464.09,2025-09-30 09:48:11,2026-06-05 17:08:43,32.2,inbound,15
ENT-01483,CPT-04324,3,28057.41,2026-03-30 16:01:39,2026-07-06 10:12:35,31.7,inbound,71
ENT-01483,CPT-04589,2,3420.89,2026-06-10 16:24:32,2026-06-29 17:49:58,21.4,inbound,4
ENT-01483,CPT-05078,5,89237.5,2025-12-15 12:56:23,2026-06-18 17:50:36,39.7,inbound,49
ENT-01487,CPT-02498,2,8006.49,2026-01-19 13:55:39,2026-02-24 10:40:56,28.6,outbound,45
ENT-01487,CPT-02695,1,6281.18,2026-01-27 10:20:20,2026-01-27 10:20:20,25.9,outbound,166
ENT-01487,CPT-02766,2,2493.91,2025-12-01 17:56:50,2025-12-04 14:27:31,37.0,outbound,8
ENT-01487,CPT-03106,3,3344.08,2025-09-09 14:23:21,2026-07-23 14:58:22,33.8,outbound,6
ENT-01487,CPT-03197,2,6152.7,2026-02-19 10:18:36,2026-03-13 09:09:03,37.3,outbound,39
ENT-01487,CPT-03325,2,11356.18,2025-09-05 14:20:57,2026-01-12 09:37:28,33.8,outbound,3
ENT-01494,CPT-01927,4,33149.05,2025-09-29 11:44:37,2026-05-27 09:43:42,39.0,inbound,18
ENT-01494,CPT-02394,2,5032.36,2025-09-18 11:38:08,2025-11-20 17:58:24,37.5,outbound,4
ENT-01494,CPT-02695,5,8691.4,2025-09-18 11:35:58,2025-12-04 17:33:46,37.9,outbound,166
ENT-01494,CPT-02743,2,14004.02,2025-08-12 17:45:09,2026-07-02 13:40:17,38.3,outbound,8
ENT-01494,CPT-02766,3,7879.13,2025-09-18 11:58:15,2026-07-02 14:01:43,38.8,outbound,8
ENT-01494,CPT-02887,5,10348.29,2025-08-14 12:48:26,2026-06-30 17:20:20,38.5,outbound,15
ENT-01494,CPT-02899,6,20619.64,2025-09-18 11:59:22,2026-06-30 17:23:03,34.6,outbound,3
ENT-01494,CPT-03026,4,16353.71,2025-08-12 17:18:05,2025-11-20 18:19:22,39.0,outbound,4
ENT-01494,CPT-03197,16,233491.56,2025-08-15 12:07:55,2026-07-31 13:42:13,39.6,outbound,39
ENT-01494,CPT-03258,1,428.01,2025-11-20 18:21:29,2025-11-20 18:21:29,39.4,outbound,6
ENT-01494,CPT-03297,2,2218.62,2025-08-12 17:22:53,2026-07-02 14:16:55,39.8,outbound,110
ENT-01494,CPT-03330,4,86990.35,2025-09-23 18:18:56,2026-06-30 17:06:08,40.0,outbound,67
ENT-01494,CPT-03414,2,5515.39,2025-08-14 12:50:50,2025-08-14 13:16:06,38.8,outbound,8
ENT-01494,CPT-03889,2,3766.97,2025-08-29 14:05:52,2025-10-03 09:16:45,39.2,inbound,3
ENT-01494,CPT-03981,1,3218.27,2025-09-15 17:51:58,2025-09-15 17:51:58,34.9,inbound,191
ENT-01494,CPT-04299,2,8528.81,2026-05-21 12:53:47,2026-05-22 15:18:03,39.9,inbound,44
ENT-01494,CPT-04790,1,11276.37,2026-07-21 09:11:39,2026-07-21 09:11:39,22.1,inbound,7
ENT-01494,CPT-05017,1,5711.59,2025-09-30 15:19:05,2025-09-30 15:19:05,37.3,inbound,64
ENT-01494,CPT-05086,1,4634.86,2025-11-19 13:11:06,2025-11-19 13:11:06,15.3,inbound,15
